AsofDate	Client	Strategy	Symbol	SecType	Contract	Long	Short	Source	Other	last_updated	id1	account
"2025-01-22 00:00:00"	"ABCAP"	"OYFAR"	"BO"	"Comdty"	"BOH25"	1369	0	"matlab_insert_individ_trade_re"	"FUT_20250122_dsu215002"	"2025-01-21 21:50:04"	1858955	"CT"
"2025-01-22 00:00:00"	"ABCAP"	"OYFAR"	"BO"	"Comdty"	"BOH25"	0	-1369	"matlab_insert_individ_trade_re"	"FUT_20250122_dsu215003"	"2025-01-21 21:50:04"	1858956	"CT"
"2025-01-22 00:00:00"	"ABCAP"	"OYFAR"	"C "	"Comdty"	"C H25"	0	-8	"dsu_2025-01-21-20-44-13"	"FUT_20250122_dsu204345"	"2025-01-21 20:48:17"	1858625	"FT"
"2025-01-22 00:00:00"	"ABCAP"	"OYFAR"	"C "	"Comdty"	"C H25"	1535	0	"matlab_insert_individ_trade_re"	"FUT_20250122_dsu215002"	"2025-01-21 21:50:04"	1858951	"CT"
"2025-01-22 00:00:00"	"ABCAP"	"OYFAR"	"C "	"Comdty"	"C H25"	0	-1535	"matlab_insert_individ_trade_re"	"FUT_20250122_dsu215003"	"2025-01-21 21:50:04"	1858952	"CT"
"2025-01-22 00:00:00"	"ABCAP"	"OYFAR"	"CC"	"Comdty"	"CCH25"	0	-1	"dsu_2025-01-21-20-44-13"	"FUT_20250122_dsu204345"	"2025-01-21 20:48:17"	1858626	"FT"
"2025-01-22 00:00:00"	"ABCAP"	"OYFAR"	"CC"	"Comdty"	"CCH25"	325	0	"matlab_insert_individ_trade_re"	"FUT_20250122_dsu215002"	"2025-01-21 21:50:04"	1858981	"CT"
"2025-01-22 00:00:00"	"ABCAP"	"OYFAR"	"CC"	"Comdty"	"CCH25"	0	-325	"matlab_insert_individ_trade_re"	"FUT_20250122_dsu215003"	"2025-01-21 21:50:04"	1858982	"CT"
"2025-01-22 00:00:00"	"ABCAP"	"OYFAR"	"CL"	"Comdty"	"CLH25"	496	0	"matlab_insert_individ_trade_re"	"FUT_20250122_dsu215002"	"2025-01-21 21:50:04"	1858933	"CT"
"2025-01-22 00:00:00"	"ABCAP"	"OYFAR"	"CL"	"Comdty"	"CLH25"	0	-496	"matlab_insert_individ_trade_re"	"FUT_20250122_dsu215003"	"2025-01-21 21:50:04"	1858934	"CT"
"2025-01-22 00:00:00"	"ABCAP"	"OYFAR"	"CL"	"Comdty"	"CLH25CLK25"	0	-82	"dsu_2025-01-21-21-41-29"	"FUT_20250122_dsu205101"	"2025-01-21 21:43:36"	1858769	"GT"
"2025-01-22 00:00:00"	"ABCAP"	"OYFAR"	"CL"	"Comdty"	"CLK25"	5	0	"dsu_2025-01-21-21-41-29"	"FUT_20250122_dsu205101"	"2025-01-21 21:43:36"	1858770	"GT"
"2025-01-22 00:00:00"	"ABCAP"	"OYFAR"	"CO"	"Comdty"	"COK25"	0	-3	"dsu_2025-01-21-20-44-13"	"FUT_20250122_dsu204345"	"2025-01-21 20:48:17"	1858629	"FT"
"2025-01-22 00:00:00"	"ABCAP"	"OYFAR"	"CO"	"Comdty"	"COK25"	485	0	"matlab_insert_individ_trade_re"	"FUT_20250122_dsu215002"	"2025-01-21 21:50:04"	1858935	"CT"
"2025-01-22 00:00:00"	"ABCAP"	"OYFAR"	"CO"	"Comdty"	"COK25"	0	-485	"matlab_insert_individ_trade_re"	"FUT_20250122_dsu215003"	"2025-01-21 21:50:04"	1858936	"CT"
"2025-01-22 00:00:00"	"ABCAP"	"OYFAR"	"CO"	"Comdty"	"COK25CON25"	0	-113	"dsu_2025-01-21-21-41-29"	"FUT_20250122_dsu205101"	"2025-01-21 21:43:36"	1858771	"GT"
"2025-01-22 00:00:00"	"ABCAP"	"OYFAR"	"CO"	"Comdty"	"CON25"	7	0	"dsu_2025-01-21-21-41-29"	"FUT_20250122_dsu205101"	"2025-01-21 21:43:36"	1858772	"GT"
"2025-01-22 00:00:00"	"ABCAP"	"OYFAR"	"CT"	"Comdty"	"CTH25"	0	-4	"dsu_2025-01-21-20-44-13"	"FUT_20250122_dsu204345"	"2025-01-21 20:48:17"	1858630	"FT"
"2025-01-22 00:00:00"	"ABCAP"	"OYFAR"	"CT"	"Comdty"	"CTH25"	1112	0	"matlab_insert_individ_trade_re"	"FUT_20250122_dsu215002"	"2025-01-21 21:50:04"	1858975	"CT"
"2025-01-22 00:00:00"	"ABCAP"	"OYFAR"	"CT"	"Comdty"	"CTH25"	0	-1112	"matlab_insert_individ_trade_re"	"FUT_20250122_dsu215003"	"2025-01-21 21:50:04"	1858976	"CT"
"2025-01-22 00:00:00"	"ABCAP"	"OYFAR"	"GC"	"Comdty"	"GCJ25"	135	0	"matlab_insert_individ_trade_re"	"FUT_20250122_dsu215002"	"2025-01-21 21:50:04"	1858969	"CT"
"2025-01-22 00:00:00"	"ABCAP"	"OYFAR"	"GC"	"Comdty"	"GCJ25"	0	-135	"matlab_insert_individ_trade_re"	"FUT_20250122_dsu215003"	"2025-01-21 21:50:04"	1858970	"CT"
"2025-01-22 00:00:00"	"ABCAP"	"OYFAR"	"HG"	"Comdty"	"HGH25"	0	-2	"dsu_2025-01-21-20-44-13"	"FUT_20250122_dsu204345"	"2025-01-21 20:48:17"	1858631	"FT"
"2025-01-22 00:00:00"	"ABCAP"	"OYFAR"	"HG"	"Comdty"	"HGH25"	347	0	"matlab_insert_individ_trade_re"	"FUT_20250122_dsu215002"	"2025-01-21 21:50:04"	1858961	"CT"
"2025-01-22 00:00:00"	"ABCAP"	"OYFAR"	"HG"	"Comdty"	"HGH25"	0	-347	"matlab_insert_individ_trade_re"	"FUT_20250122_dsu215003"	"2025-01-21 21:50:04"	1858962	"CT"
"2025-01-22 00:00:00"	"ABCAP"	"OYFAR"	"HO"	"Comdty"	"HOH25"	0	-2	"dsu_2025-01-21-20-44-13"	"FUT_20250122_dsu204345"	"2025-01-21 20:48:17"	1858632	"FT"
"2025-01-22 00:00:00"	"ABCAP"	"OYFAR"	"HO"	"Comdty"	"HOH25"	361	0	"matlab_insert_individ_trade_re"	"FUT_20250122_dsu215002"	"2025-01-21 21:50:04"	1858941	"CT"
"2025-01-22 00:00:00"	"ABCAP"	"OYFAR"	"HO"	"Comdty"	"HOH25"	0	-361	"matlab_insert_individ_trade_re"	"FUT_20250122_dsu215003"	"2025-01-21 21:50:04"	1858942	"CT"
"2025-01-22 00:00:00"	"ABCAP"	"OYFAR"	"KC"	"Comdty"	"KCH25"	306	0	"matlab_insert_individ_trade_re"	"FUT_20250122_dsu215002"	"2025-01-21 21:50:04"	1858977	"CT"
"2025-01-22 00:00:00"	"ABCAP"	"OYFAR"	"KC"	"Comdty"	"KCH25"	0	-306	"matlab_insert_individ_trade_re"	"FUT_20250122_dsu215003"	"2025-01-21 21:50:04"	1858978	"CT"
"2025-01-22 00:00:00"	"ABCAP"	"OYFAR"	"KC"	"Comdty"	"KCH25KCU25"	0	-10	"dsu_2025-01-21-21-41-29"	"FUT_20250122_dsu205101"	"2025-01-21 21:43:36"	1858773	"GT"
"2025-01-22 00:00:00"	"ABCAP"	"OYFAR"	"KC"	"Comdty"	"KCU25"	1	0	"dsu_2025-01-21-21-41-29"	"FUT_20250122_dsu205101"	"2025-01-21 21:43:36"	1858774	"GT"
"2025-01-22 00:00:00"	"ABCAP"	"OYFAR"	"KW"	"Comdty"	"KWH25"	0	-7	"dsu_2025-01-21-20-44-13"	"FUT_20250122_dsu204345"	"2025-01-21 20:48:17"	1858633	"FT"
"2025-01-22 00:00:00"	"ABCAP"	"OYFAR"	"KW"	"Comdty"	"KWH25"	1307	0	"matlab_insert_individ_trade_re"	"FUT_20250122_dsu215002"	"2025-01-21 21:50:04"	1858949	"CT"
"2025-01-22 00:00:00"	"ABCAP"	"OYFAR"	"KW"	"Comdty"	"KWH25"	0	-1307	"matlab_insert_individ_trade_re"	"FUT_20250122_dsu215003"	"2025-01-21 21:50:04"	1858950	"CT"
"2025-01-22 00:00:00"	"ABCAP"	"OYFAR"	"LA"	"Comdty"	"LAH25"	0	-3	"dsu_2025-01-21-20-44-13"	"FUT_20250122_dsu204345"	"2025-01-21 20:48:17"	1858634	"FT"
"2025-01-22 00:00:00"	"ABCAP"	"OYFAR"	"LA"	"Comdty"	"LAH25"	567	0	"matlab_insert_individ_trade_re"	"FUT_20250122_dsu215002"	"2025-01-21 21:50:04"	1858959	"CT"
"2025-01-22 00:00:00"	"ABCAP"	"OYFAR"	"LA"	"Comdty"	"LAH25"	0	-567	"matlab_insert_individ_trade_re"	"FUT_20250122_dsu215003"	"2025-01-21 21:50:04"	1858960	"CT"
"2025-01-22 00:00:00"	"ABCAP"	"OYFAR"	"LC"	"Comdty"	"LCJ25"	2	0	"dsu_2025-01-21-20-44-13"	"FUT_20250122_dsu204345"	"2025-01-21 20:48:17"	1858636	"FT"
"2025-01-22 00:00:00"	"ABCAP"	"OYFAR"	"LC"	"Comdty"	"LCJ25"	476	0	"matlab_insert_individ_trade_re"	"FUT_20250122_dsu215002"	"2025-01-21 21:50:04"	1858943	"CT"
"2025-01-22 00:00:00"	"ABCAP"	"OYFAR"	"LC"	"Comdty"	"LCJ25"	0	-476	"matlab_insert_individ_trade_re"	"FUT_20250122_dsu215003"	"2025-01-21 21:50:04"	1858944	"CT"
"2025-01-22 00:00:00"	"ABCAP"	"OYFAR"	"LC"	"Comdty"	"LCJ25LCQ25"	1	0	"dsu_2025-01-21-20-44-13"	"FUT_20250122_dsu204345"	"2025-01-21 20:48:17"	1858635	"FT"
"2025-01-22 00:00:00"	"ABCAP"	"OYFAR"	"LH"	"Comdty"	"LHJ25"	0	-5	"dsu_2025-01-21-21-41-29"	"FUT_20250122_dsu205101"	"2025-01-21 21:43:36"	1858776	"GT"
"2025-01-22 00:00:00"	"ABCAP"	"OYFAR"	"LH"	"Comdty"	"LHJ25"	1084	0	"matlab_insert_individ_trade_re"	"FUT_20250122_dsu215002"	"2025-01-21 21:50:04"	1858945	"CT"
"2025-01-22 00:00:00"	"ABCAP"	"OYFAR"	"LH"	"Comdty"	"LHJ25"	0	-1084	"matlab_insert_individ_trade_re"	"FUT_20250122_dsu215003"	"2025-01-21 21:50:04"	1858946	"CT"
"2025-01-22 00:00:00"	"ABCAP"	"OYFAR"	"LH"	"Comdty"	"LHJ25LHN25"	0	-61	"dsu_2025-01-21-21-41-29"	"FUT_20250122_dsu205101"	"2025-01-21 21:43:36"	1858775	"GT"
"2025-01-22 00:00:00"	"ABCAP"	"OYFAR"	"LL"	"Comdty"	"LLH25"	767	0	"matlab_insert_individ_trade_re"	"FUT_20250122_dsu215002"	"2025-01-21 21:50:04"	1858967	"CT"
"2025-01-22 00:00:00"	"ABCAP"	"OYFAR"	"LL"	"Comdty"	"LLH25"	0	-767	"matlab_insert_individ_trade_re"	"FUT_20250122_dsu215003"	"2025-01-21 21:50:04"	1858968	"CT"
"2025-01-22 00:00:00"	"ABCAP"	"OYFAR"	"LN"	"Comdty"	"LNH25"	0	-5	"dsu_2025-01-21-20-44-13"	"FUT_20250122_dsu204345"	"2025-01-21 20:48:17"	1858639	"FT"
"2025-01-22 00:00:00"	"ABCAP"	"OYFAR"	"LN"	"Comdty"	"LNH25"	392	0	"matlab_insert_individ_trade_re"	"FUT_20250122_dsu215002"	"2025-01-21 21:50:04"	1858965	"CT"
"2025-01-22 00:00:00"	"ABCAP"	"OYFAR"	"LN"	"Comdty"	"LNH25"	0	-392	"matlab_insert_individ_trade_re"	"FUT_20250122_dsu215003"	"2025-01-21 21:50:04"	1858966	"CT"
"2025-01-22 00:00:00"	"ABCAP"	"OYFAR"	"LX"	"Comdty"	"LXH25"	0	-3	"dsu_2025-01-21-20-44-13"	"FUT_20250122_dsu204345"	"2025-01-21 20:48:17"	1858640	"FT"
"2025-01-22 00:00:00"	"ABCAP"	"OYFAR"	"LX"	"Comdty"	"LXH25"	518	0	"matlab_insert_individ_trade_re"	"FUT_20250122_dsu215002"	"2025-01-21 21:50:04"	1858963	"CT"
"2025-01-22 00:00:00"	"ABCAP"	"OYFAR"	"LX"	"Comdty"	"LXH25"	0	-518	"matlab_insert_individ_trade_re"	"FUT_20250122_dsu215003"	"2025-01-21 21:50:04"	1858964	"CT"
"2025-01-22 00:00:00"	"ABCAP"	"OYFAR"	"NG"	"Comdty"	"NGH25"	0	-8	"dsu_2025-01-21-20-44-13"	"FUT_20250122_dsu204345"	"2025-01-21 20:48:17"	1858641	"FT"
"2025-01-22 00:00:00"	"ABCAP"	"OYFAR"	"NG"	"Comdty"	"NGH25"	1125	0	"matlab_insert_individ_trade_re"	"FUT_20250122_dsu215002"	"2025-01-21 21:50:03"	1858931	"CT"
"2025-01-22 00:00:00"	"ABCAP"	"OYFAR"	"NG"	"Comdty"	"NGH25"	0	-1125	"matlab_insert_individ_trade_re"	"FUT_20250122_dsu215003"	"2025-01-21 21:50:03"	1858932	"CT"
"2025-01-22 00:00:00"	"ABCAP"	"OYFAR"	"PA"	"Comdty"	"PAH25"	0	-3	"dsu_2025-01-21-20-44-13"	"FUT_20250122_dsu204345"	"2025-01-21 20:48:17"	1858642	"FT"
"2025-01-22 00:00:00"	"ABCAP"	"OYFAR"	"PA"	"Comdty"	"PAH25"	385	0	"matlab_insert_individ_trade_re"	"FUT_20250122_dsu215002"	"2025-01-21 21:50:04"	1858983	"CT"
"2025-01-22 00:00:00"	"ABCAP"	"OYFAR"	"PA"	"Comdty"	"PAH25"	0	-385	"matlab_insert_individ_trade_re"	"FUT_20250122_dsu215003"	"2025-01-21 21:50:04"	1858984	"CT"
"2025-01-22 00:00:00"	"ABCAP"	"OYFAR"	"PL"	"Comdty"	"PLJ25"	0	-8	"dsu_2025-01-21-20-44-13"	"FUT_20250122_dsu204345"	"2025-01-21 20:48:17"	1858643	"FT"
"2025-01-22 00:00:00"	"ABCAP"	"OYFAR"	"PL"	"Comdty"	"PLJ25"	775	0	"matlab_insert_individ_trade_re"	"FUT_20250122_dsu215002"	"2025-01-21 21:50:04"	1858979	"CT"
"2025-01-22 00:00:00"	"ABCAP"	"OYFAR"	"PL"	"Comdty"	"PLJ25"	0	-775	"matlab_insert_individ_trade_re"	"FUT_20250122_dsu215003"	"2025-01-21 21:50:04"	1858980	"CT"
"2025-01-22 00:00:00"	"ABCAP"	"OYFAR"	"QS"	"Comdty"	"QSH25"	514	0	"matlab_insert_individ_trade_re"	"FUT_20250122_dsu215002"	"2025-01-21 21:50:04"	1858939	"CT"
"2025-01-22 00:00:00"	"ABCAP"	"OYFAR"	"QS"	"Comdty"	"QSH25"	0	-514	"matlab_insert_individ_trade_re"	"FUT_20250122_dsu215003"	"2025-01-21 21:50:04"	1858940	"CT"
"2025-01-22 00:00:00"	"ABCAP"	"OYFAR"	"S "	"Comdty"	"S H25"	0	-2	"dsu_2025-01-21-20-44-13"	"FUT_20250122_dsu204345"	"2025-01-21 20:48:17"	1858644	"FT"
"2025-01-22 00:00:00"	"ABCAP"	"OYFAR"	"S "	"Comdty"	"S H25"	705	0	"matlab_insert_individ_trade_re"	"FUT_20250122_dsu215002"	"2025-01-21 21:50:04"	1858953	"CT"
"2025-01-22 00:00:00"	"ABCAP"	"OYFAR"	"S "	"Comdty"	"S H25"	0	-705	"matlab_insert_individ_trade_re"	"FUT_20250122_dsu215003"	"2025-01-21 21:50:04"	1858954	"CT"
"2025-01-22 00:00:00"	"ABCAP"	"OYFAR"	"SB"	"Comdty"	"SBH25"	0	-2	"dsu_2025-01-21-20-44-13"	"FUT_20250122_dsu204345"	"2025-01-21 20:48:17"	1858645	"FT"
"2025-01-22 00:00:00"	"ABCAP"	"OYFAR"	"SB"	"Comdty"	"SBH25"	1887	0	"matlab_insert_individ_trade_re"	"FUT_20250122_dsu215002"	"2025-01-21 21:50:04"	1858973	"CT"
"2025-01-22 00:00:00"	"ABCAP"	"OYFAR"	"SB"	"Comdty"	"SBH25"	0	-1887	"matlab_insert_individ_trade_re"	"FUT_20250122_dsu215003"	"2025-01-21 21:50:04"	1858974	"CT"
"2025-01-22 00:00:00"	"ABCAP"	"OYFAR"	"SB"	"Comdty"	"SBH25SBK25"	0	-115	"dsu_2025-01-21-21-41-29"	"FUT_20250122_dsu205101"	"2025-01-21 21:43:36"	1858777	"GT"
"2025-01-22 00:00:00"	"ABCAP"	"OYFAR"	"SB"	"Comdty"	"SBK25"	20	0	"dsu_2025-01-21-21-41-29"	"FUT_20250122_dsu205101"	"2025-01-21 21:43:36"	1858778	"GT"
"2025-01-22 00:00:00"	"ABCAP"	"OYFAR"	"SI"	"Comdty"	"SIH25"	0	-2	"dsu_2025-01-21-20-44-13"	"FUT_20250122_dsu204345"	"2025-01-21 20:48:17"	1858646	"FT"
"2025-01-22 00:00:00"	"ABCAP"	"OYFAR"	"SI"	"Comdty"	"SIH25"	239	0	"matlab_insert_individ_trade_re"	"FUT_20250122_dsu215002"	"2025-01-21 21:50:04"	1858971	"CT"
"2025-01-22 00:00:00"	"ABCAP"	"OYFAR"	"SI"	"Comdty"	"SIH25"	0	-239	"matlab_insert_individ_trade_re"	"FUT_20250122_dsu215003"	"2025-01-21 21:50:04"	1858972	"CT"
"2025-01-22 00:00:00"	"ABCAP"	"OYFAR"	"SM"	"Comdty"	"SMH25"	0	-4	"dsu_2025-01-21-20-44-13"	"FUT_20250122_dsu204345"	"2025-01-21 20:48:17"	1858647	"FT"
"2025-01-22 00:00:00"	"ABCAP"	"OYFAR"	"SM"	"Comdty"	"SMH25"	1209	0	"matlab_insert_individ_trade_re"	"FUT_20250122_dsu215002"	"2025-01-21 21:50:04"	1858957	"CT"
"2025-01-22 00:00:00"	"ABCAP"	"OYFAR"	"SM"	"Comdty"	"SMH25"	0	-1209	"matlab_insert_individ_trade_re"	"FUT_20250122_dsu215003"	"2025-01-21 21:50:04"	1858958	"CT"
"2025-01-22 00:00:00"	"ABCAP"	"OYFAR"	"W "	"Comdty"	"W H25"	0	-3	"dsu_2025-01-21-20-44-13"	"FUT_20250122_dsu204345"	"2025-01-21 20:48:17"	1858648	"FT"
"2025-01-22 00:00:00"	"ABCAP"	"OYFAR"	"W "	"Comdty"	"W H25"	1346	0	"matlab_insert_individ_trade_re"	"FUT_20250122_dsu215002"	"2025-01-21 21:50:04"	1858947	"CT"
"2025-01-22 00:00:00"	"ABCAP"	"OYFAR"	"W "	"Comdty"	"W H25"	0	-1346	"matlab_insert_individ_trade_re"	"FUT_20250122_dsu215003"	"2025-01-21 21:50:04"	1858948	"CT"
"2025-01-22 00:00:00"	"ABCAP"	"OYFAR"	"XB"	"Comdty"	"XBH25"	0	-2	"dsu_2025-01-21-20-44-13"	"FUT_20250122_dsu204345"	"2025-01-21 20:48:17"	1858649	"FT"
"2025-01-22 00:00:00"	"ABCAP"	"OYFAR"	"XB"	"Comdty"	"XBH25"	423	0	"matlab_insert_individ_trade_re"	"FUT_20250122_dsu215002"	"2025-01-21 21:50:04"	1858937	"CT"
"2025-01-22 00:00:00"	"ABCAP"	"OYFAR"	"XB"	"Comdty"	"XBH25"	0	-423	"matlab_insert_individ_trade_re"	"FUT_20250122_dsu215003"	"2025-01-21 21:50:04"	1858938	"CT"
"2025-01-22 00:00:00"	"AEGON"	"OYG1"	"CL"	"Comdty"	"CLH25CLK25"	0	-105	"dsu_2025-01-21-21-41-29"	"FUT_20250122_dsu205101"	"2025-01-21 21:43:37"	1858779	"GT"
"2025-01-22 00:00:00"	"AEGON"	"OYG1"	"CL"	"Comdty"	"CLK25"	2	0	"dsu_2025-01-21-21-41-29"	"FUT_20250122_dsu205101"	"2025-01-21 21:43:37"	1858780	"GT"
"2025-01-22 00:00:00"	"AEGON"	"OYG1"	"CO"	"Comdty"	"COJ25CON25"	0	-126	"dsu_2025-01-21-21-41-29"	"FUT_20250122_dsu205101"	"2025-01-21 21:43:37"	1858781	"GT"
"2025-01-22 00:00:00"	"AEGON"	"OYG1"	"CO"	"Comdty"	"CON25"	4	0	"dsu_2025-01-21-21-41-29"	"FUT_20250122_dsu205101"	"2025-01-21 21:43:37"	1858782	"GT"
"2025-01-22 00:00:00"	"AEGON"	"OYG1"	"KC"	"Comdty"	"KCH25KCU25"	0	-3	"dsu_2025-01-21-21-41-29"	"FUT_20250122_dsu205101"	"2025-01-21 21:43:37"	1858783	"GT"
"2025-01-22 00:00:00"	"AEGON"	"OYG1"	"LH"	"Comdty"	"LHJ25"	0	-7	"dsu_2025-01-21-21-41-29"	"FUT_20250122_dsu205101"	"2025-01-21 21:43:37"	1858785	"GT"
"2025-01-22 00:00:00"	"AEGON"	"OYG1"	"LH"	"Comdty"	"LHJ25LHN25"	0	-38	"dsu_2025-01-21-21-41-29"	"FUT_20250122_dsu205101"	"2025-01-21 21:43:37"	1858784	"GT"
"2025-01-22 00:00:00"	"AEGON"	"OYG1"	"SB"	"Comdty"	"SBH25SBK25"	0	-34	"dsu_2025-01-21-21-41-29"	"FUT_20250122_dsu205101"	"2025-01-21 21:43:37"	1858786	"GT"
"2025-01-22 00:00:00"	"AEGON"	"OYG1"	"SB"	"Comdty"	"SBK25"	1	0	"dsu_2025-01-21-21-41-29"	"FUT_20250122_dsu205101"	"2025-01-21 21:43:37"	1858787	"GT"
"2025-01-22 00:00:00"	"APFUND"	"OYGLSNE"	"KC"	"Comdty"	"KCH25KCU25"	0	-48	"dsu_2025-01-21-21-41-29"	"FUT_20250122_dsu205101"	"2025-01-21 21:43:37"	1858788	"GT"
"2025-01-22 00:00:00"	"APFUND"	"OYGLSNE"	"KC"	"Comdty"	"KCU25"	7	0	"dsu_2025-01-21-21-41-29"	"FUT_20250122_dsu205101"	"2025-01-21 21:43:37"	1858789	"GT"
"2025-01-22 00:00:00"	"APFUND"	"OYGLSNE"	"LH"	"Comdty"	"LHJ25"	0	-43	"dsu_2025-01-21-21-41-29"	"FUT_20250122_dsu205101"	"2025-01-21 21:43:37"	1858791	"GT"
"2025-01-22 00:00:00"	"APFUND"	"OYGLSNE"	"LH"	"Comdty"	"LHJ25LHN25"	0	-418	"dsu_2025-01-21-21-41-29"	"FUT_20250122_dsu205101"	"2025-01-21 21:43:37"	1858790	"GT"
"2025-01-22 00:00:00"	"APFUND"	"OYGLSNE"	"SB"	"Comdty"	"SBH25SBK25"	0	-602	"dsu_2025-01-21-21-41-29"	"FUT_20250122_dsu205101"	"2025-01-21 21:43:37"	1858792	"GT"
"2025-01-22 00:00:00"	"APFUND"	"OYGLSNE"	"SB"	"Comdty"	"SBK25"	103	0	"dsu_2025-01-21-21-41-29"	"FUT_20250122_dsu205101"	"2025-01-21 21:43:37"	1858793	"GT"
"2025-01-22 00:00:00"	"ASALPHA"	"OYD"	"CL"	"Comdty"	"CLH25CLK25"	0	-32	"dsu_2025-01-21-21-41-29"	"FUT_20250122_dsu205101"	"2025-01-21 21:43:37"	1858794	"GT"
"2025-01-22 00:00:00"	"ASALPHA"	"OYD"	"CL"	"Comdty"	"CLK25"	3	0	"dsu_2025-01-21-21-41-29"	"FUT_20250122_dsu205101"	"2025-01-21 21:43:37"	1858795	"GT"
"2025-01-22 00:00:00"	"ASALPHA"	"OYD"	"CO"	"Comdty"	"COK25CON25"	0	-45	"dsu_2025-01-21-21-41-29"	"FUT_20250122_dsu205101"	"2025-01-21 21:43:37"	1858796	"GT"
"2025-01-22 00:00:00"	"ASALPHA"	"OYD"	"CO"	"Comdty"	"CON25"	3	0	"dsu_2025-01-21-21-41-29"	"FUT_20250122_dsu205101"	"2025-01-21 21:43:37"	1858797	"GT"
"2025-01-22 00:00:00"	"ASALPHA"	"OYD"	"KC"	"Comdty"	"KCH25KCU25"	0	-3	"dsu_2025-01-21-21-41-29"	"FUT_20250122_dsu205101"	"2025-01-21 21:43:37"	1858798	"GT"
"2025-01-22 00:00:00"	"ASALPHA"	"OYD"	"LH"	"Comdty"	"LHJ25"	0	-4	"dsu_2025-01-21-21-41-29"	"FUT_20250122_dsu205101"	"2025-01-21 21:43:38"	1858800	"GT"
"2025-01-22 00:00:00"	"ASALPHA"	"OYD"	"LH"	"Comdty"	"LHJ25LHN25"	0	-24	"dsu_2025-01-21-21-41-29"	"FUT_20250122_dsu205101"	"2025-01-21 21:43:38"	1858799	"GT"
"2025-01-22 00:00:00"	"ASALPHA"	"OYD"	"SB"	"Comdty"	"SBH25SBK25"	0	-46	"dsu_2025-01-21-21-41-29"	"FUT_20250122_dsu205101"	"2025-01-21 21:43:38"	1858801	"GT"
"2025-01-22 00:00:00"	"ASALPHA"	"OYD"	"SB"	"Comdty"	"SBK25"	9	0	"dsu_2025-01-21-21-41-29"	"FUT_20250122_dsu205101"	"2025-01-21 21:43:38"	1858802	"GT"
"2025-01-22 00:00:00"	"ASHEALTH"	"OYD"	"CL"	"Comdty"	"CLH25CLK25"	0	-21	"dsu_2025-01-21-21-41-29"	"FUT_20250122_dsu205101"	"2025-01-21 21:43:38"	1858803	"GT"
"2025-01-22 00:00:00"	"ASHEALTH"	"OYD"	"CL"	"Comdty"	"CLK25"	2	0	"dsu_2025-01-21-21-41-29"	"FUT_20250122_dsu205101"	"2025-01-21 21:43:38"	1858804	"GT"
"2025-01-22 00:00:00"	"ASHEALTH"	"OYD"	"CO"	"Comdty"	"COK25CON25"	0	-29	"dsu_2025-01-21-21-41-29"	"FUT_20250122_dsu205101"	"2025-01-21 21:43:38"	1858805	"GT"
"2025-01-22 00:00:00"	"ASHEALTH"	"OYD"	"CO"	"Comdty"	"CON25"	2	0	"dsu_2025-01-21-21-41-29"	"FUT_20250122_dsu205101"	"2025-01-21 21:43:38"	1858806	"GT"
"2025-01-22 00:00:00"	"ASHEALTH"	"OYD"	"KC"	"Comdty"	"KCH25KCU25"	0	-3	"dsu_2025-01-21-21-41-29"	"FUT_20250122_dsu205101"	"2025-01-21 21:43:38"	1858807	"GT"
"2025-01-22 00:00:00"	"ASHEALTH"	"OYD"	"KC"	"Comdty"	"KCU25"	1	0	"dsu_2025-01-21-21-41-29"	"FUT_20250122_dsu205101"	"2025-01-21 21:43:38"	1858808	"GT"
"2025-01-22 00:00:00"	"ASHEALTH"	"OYD"	"LH"	"Comdty"	"LHJ25"	0	-3	"dsu_2025-01-21-21-41-29"	"FUT_20250122_dsu205101"	"2025-01-21 21:43:38"	1858810	"GT"
"2025-01-22 00:00:00"	"ASHEALTH"	"OYD"	"LH"	"Comdty"	"LHJ25LHN25"	0	-16	"dsu_2025-01-21-21-41-29"	"FUT_20250122_dsu205101"	"2025-01-21 21:43:38"	1858809	"GT"
"2025-01-22 00:00:00"	"ASHEALTH"	"OYD"	"SB"	"Comdty"	"SBH25SBK25"	0	-30	"dsu_2025-01-21-21-41-29"	"FUT_20250122_dsu205101"	"2025-01-21 21:43:38"	1858811	"GT"
"2025-01-22 00:00:00"	"ASHEALTH"	"OYD"	"SB"	"Comdty"	"SBK25"	6	0	"dsu_2025-01-21-21-41-29"	"FUT_20250122_dsu205101"	"2025-01-21 21:43:38"	1858812	"GT"
"2025-01-22 00:00:00"	"BOEING"	"OYDLS"	"CL"	"Comdty"	"CLH25CLK25"	0	-11	"dsu_2025-01-21-21-41-29"	"FUT_20250122_dsu205101"	"2025-01-21 21:43:38"	1858813	"GT"
"2025-01-22 00:00:00"	"BOEING"	"OYDLS"	"CL"	"Comdty"	"CLK25"	1	0	"dsu_2025-01-21-21-41-29"	"FUT_20250122_dsu205101"	"2025-01-21 21:43:38"	1858814	"GT"
"2025-01-22 00:00:00"	"BOEING"	"OYDLS"	"CO"	"Comdty"	"COK25CON25"	0	-15	"dsu_2025-01-21-21-41-29"	"FUT_20250122_dsu205101"	"2025-01-21 21:43:38"	1858815	"GT"
"2025-01-22 00:00:00"	"BOEING"	"OYDLS"	"CO"	"Comdty"	"CON25"	1	0	"dsu_2025-01-21-21-41-29"	"FUT_20250122_dsu205101"	"2025-01-21 21:43:38"	1858816	"GT"
"2025-01-22 00:00:00"	"BOEING"	"OYDLS"	"LH"	"Comdty"	"LHJ25LHN25"	0	-1	"dsu_2025-01-21-21-41-29"	"FUT_20250122_dsu205101"	"2025-01-21 21:43:38"	1858817	"GT"
"2025-01-22 00:00:00"	"BOEING"	"OYDLS"	"SB"	"Comdty"	"SBH25SBK25"	0	-11	"dsu_2025-01-21-21-41-29"	"FUT_20250122_dsu205101"	"2025-01-21 21:43:38"	1858818	"GT"
"2025-01-22 00:00:00"	"BOEING"	"OYDLS"	"SB"	"Comdty"	"SBK25"	2	0	"dsu_2025-01-21-21-41-29"	"FUT_20250122_dsu205101"	"2025-01-21 21:43:38"	1858819	"GT"
"2025-01-22 00:00:00"	"CASCADE"	"OYD"	"CL"	"Comdty"	"CLH25CLK25"	0	-3	"dsu_2025-01-21-21-41-29"	"FUT_20250122_dsu205101"	"2025-01-21 21:43:39"	1858820	"GT"
"2025-01-22 00:00:00"	"CASCADE"	"OYD"	"CL"	"Comdty"	"CLK25"	1	0	"dsu_2025-01-21-21-41-29"	"FUT_20250122_dsu205101"	"2025-01-21 21:43:39"	1858821	"GT"
"2025-01-22 00:00:00"	"CASCADE"	"OYD"	"CO"	"Comdty"	"COK25CON25"	0	-5	"dsu_2025-01-21-21-41-29"	"FUT_20250122_dsu205101"	"2025-01-21 21:43:39"	1858822	"GT"
"2025-01-22 00:00:00"	"CASCADE"	"OYD"	"KC"	"Comdty"	"KCH25KCU25"	0	-1	"dsu_2025-01-21-21-41-29"	"FUT_20250122_dsu205101"	"2025-01-21 21:43:39"	1858823	"GT"
"2025-01-22 00:00:00"	"CASCADE"	"OYD"	"LH"	"Comdty"	"LHJ25"	0	-1	"dsu_2025-01-21-21-41-29"	"FUT_20250122_dsu205101"	"2025-01-21 21:43:39"	1858825	"GT"
"2025-01-22 00:00:00"	"CASCADE"	"OYD"	"LH"	"Comdty"	"LHJ25LHN25"	0	-2	"dsu_2025-01-21-21-41-29"	"FUT_20250122_dsu205101"	"2025-01-21 21:43:39"	1858824	"GT"
"2025-01-22 00:00:00"	"CASCADE"	"OYD"	"SB"	"Comdty"	"SBH25SBK25"	0	-5	"dsu_2025-01-21-21-41-29"	"FUT_20250122_dsu205101"	"2025-01-21 21:43:39"	1858826	"GT"
"2025-01-22 00:00:00"	"CASCADE"	"OYDLS"	"CL"	"Comdty"	"CLH25CLK25"	0	-16	"dsu_2025-01-21-21-41-29"	"FUT_20250122_dsu205101"	"2025-01-21 21:43:39"	1858827	"GT"
"2025-01-22 00:00:00"	"CASCADE"	"OYDLS"	"CL"	"Comdty"	"CLK25"	1	0	"dsu_2025-01-21-21-41-29"	"FUT_20250122_dsu205101"	"2025-01-21 21:43:39"	1858828	"GT"
"2025-01-22 00:00:00"	"CASCADE"	"OYDLS"	"CO"	"Comdty"	"COK25CON25"	0	-22	"dsu_2025-01-21-21-41-29"	"FUT_20250122_dsu205101"	"2025-01-21 21:43:39"	1858829	"GT"
"2025-01-22 00:00:00"	"CASCADE"	"OYDLS"	"CO"	"Comdty"	"CON25"	2	0	"dsu_2025-01-21-21-41-29"	"FUT_20250122_dsu205101"	"2025-01-21 21:43:39"	1858830	"GT"
"2025-01-22 00:00:00"	"CASCADE"	"OYDLS"	"LH"	"Comdty"	"LHJ25LHN25"	0	-1	"dsu_2025-01-21-21-41-29"	"FUT_20250122_dsu205101"	"2025-01-21 21:43:39"	1858831	"GT"
"2025-01-22 00:00:00"	"CASCADE"	"OYDLS"	"SB"	"Comdty"	"SBH25SBK25"	0	-16	"dsu_2025-01-21-21-41-29"	"FUT_20250122_dsu205101"	"2025-01-21 21:43:39"	1858832	"GT"
"2025-01-22 00:00:00"	"CASCADE"	"OYDLS"	"SB"	"Comdty"	"SBK25"	3	0	"dsu_2025-01-21-21-41-29"	"FUT_20250122_dsu205101"	"2025-01-21 21:43:39"	1858833	"GT"
"2025-01-22 00:00:00"	"DICIT"	"OYD"	"CL"	"Comdty"	"CLH25CLK25"	0	-21	"dsu_2025-01-21-21-41-29"	"FUT_20250122_dsu205101"	"2025-01-21 21:43:40"	1858834	"GT"
"2025-01-22 00:00:00"	"DICIT"	"OYD"	"CL"	"Comdty"	"CLK25"	3	0	"dsu_2025-01-21-21-41-29"	"FUT_20250122_dsu205101"	"2025-01-21 21:43:40"	1858835	"GT"
"2025-01-22 00:00:00"	"DICIT"	"OYD"	"CO"	"Comdty"	"COK25CON25"	0	-31	"dsu_2025-01-21-21-41-29"	"FUT_20250122_dsu205101"	"2025-01-21 21:43:40"	1858836	"GT"
"2025-01-22 00:00:00"	"DICIT"	"OYD"	"CO"	"Comdty"	"CON25"	2	0	"dsu_2025-01-21-21-41-29"	"FUT_20250122_dsu205101"	"2025-01-21 21:43:40"	1858837	"GT"
"2025-01-22 00:00:00"	"DICIT"	"OYD"	"KC"	"Comdty"	"KCH25KCU25"	0	-3	"dsu_2025-01-21-21-41-29"	"FUT_20250122_dsu205101"	"2025-01-21 21:43:40"	1858838	"GT"
"2025-01-22 00:00:00"	"DICIT"	"OYD"	"LH"	"Comdty"	"LHJ25"	0	-2	"dsu_2025-01-21-21-41-29"	"FUT_20250122_dsu205101"	"2025-01-21 21:43:40"	1858840	"GT"
"2025-01-22 00:00:00"	"DICIT"	"OYD"	"LH"	"Comdty"	"LHJ25LHN25"	0	-18	"dsu_2025-01-21-21-41-29"	"FUT_20250122_dsu205101"	"2025-01-21 21:43:40"	1858839	"GT"
"2025-01-22 00:00:00"	"DICIT"	"OYD"	"SB"	"Comdty"	"SBH25SBK25"	0	-31	"dsu_2025-01-21-21-41-29"	"FUT_20250122_dsu205101"	"2025-01-21 21:43:40"	1858841	"GT"
"2025-01-22 00:00:00"	"DICIT"	"OYD"	"SB"	"Comdty"	"SBK25"	6	0	"dsu_2025-01-21-21-41-29"	"FUT_20250122_dsu205101"	"2025-01-21 21:43:40"	1858842	"GT"
"2025-01-22 00:00:00"	"FARFUND"	"FARRMF"	"BO"	"Comdty"	"BOH25"	0	-1	"dsu_2025-01-21-20-44-13"	"FUT_20250122_dsu204345"	"2025-01-21 20:49:03"	1858650	"FT"
"2025-01-22 00:00:00"	"FARFUND"	"FARRMF"	"CL"	"Comdty"	"CLH25"	0	-1	"dsu_2025-01-21-20-44-13"	"FUT_20250122_dsu204345"	"2025-01-21 20:49:03"	1858651	"FT"
"2025-01-22 00:00:00"	"FARFUND"	"FARRMF"	"HG"	"Comdty"	"HGH25"	0	-1	"dsu_2025-01-21-20-44-13"	"FUT_20250122_dsu204345"	"2025-01-21 20:49:03"	1858652	"FT"
"2025-01-22 00:00:00"	"FARFUND"	"FARRMF"	"KW"	"Comdty"	"KWH25"	0	-3	"dsu_2025-01-21-20-44-13"	"FUT_20250122_dsu204345"	"2025-01-21 20:49:03"	1858653	"FT"
"2025-01-22 00:00:00"	"FARFUND"	"FARRMF"	"LA"	"Comdty"	"LAH25"	0	-1	"dsu_2025-01-21-20-44-13"	"FUT_20250122_dsu204345"	"2025-01-21 20:49:03"	1858654	"FT"
"2025-01-22 00:00:00"	"FARFUND"	"FARRMF"	"LN"	"Comdty"	"LNH25"	1	0	"dsu_2025-01-21-20-44-13"	"FUT_20250122_dsu204345"	"2025-01-21 20:49:03"	1858655	"FT"
"2025-01-22 00:00:00"	"FARFUND"	"FARRMF"	"SM"	"Comdty"	"SMH25"	0	-2	"dsu_2025-01-21-20-44-13"	"FUT_20250122_dsu204345"	"2025-01-21 20:49:03"	1858656	"FT"
"2025-01-22 00:00:00"	"FARFUND"	"FARRMF"	"W "	"Comdty"	"W H25"	0	-1	"dsu_2025-01-21-20-44-13"	"FUT_20250122_dsu204345"	"2025-01-21 20:49:03"	1858657	"FT"
"2025-01-22 00:00:00"	"FARFUND"	"FARRMF"	"XB"	"Comdty"	"XBH25"	0	-1	"dsu_2025-01-21-20-44-13"	"FUT_20250122_dsu204345"	"2025-01-21 20:49:03"	1858658	"FT"
"2025-01-22 00:00:00"	"FARFUND"	"OYFAR"	"BO"	"Comdty"	"BOH25"	349	0	"matlab_insert_individ_trade_re"	"FUT_20250122_dsu215002"	"2025-01-21 21:50:05"	1859009	"CT"
"2025-01-22 00:00:00"	"FARFUND"	"OYFAR"	"BO"	"Comdty"	"BOH25"	0	-349	"matlab_insert_individ_trade_re"	"FUT_20250122_dsu215003"	"2025-01-21 21:50:05"	1859010	"CT"
"2025-01-22 00:00:00"	"FARFUND"	"OYFAR"	"C "	"Comdty"	"C H25"	0	-2	"dsu_2025-01-21-20-44-13"	"FUT_20250122_dsu204345"	"2025-01-21 20:49:07"	1858659	"FT"
"2025-01-22 00:00:00"	"FARFUND"	"OYFAR"	"C "	"Comdty"	"C H25"	391	0	"matlab_insert_individ_trade_re"	"FUT_20250122_dsu215002"	"2025-01-21 21:50:05"	1859005	"CT"
"2025-01-22 00:00:00"	"FARFUND"	"OYFAR"	"C "	"Comdty"	"C H25"	0	-391	"matlab_insert_individ_trade_re"	"FUT_20250122_dsu215003"	"2025-01-21 21:50:05"	1859006	"CT"
"2025-01-22 00:00:00"	"FARFUND"	"OYFAR"	"CC"	"Comdty"	"CCH25"	1	0	"dsu_2025-01-21-20-44-13"	"FUT_20250122_dsu204345"	"2025-01-21 20:49:07"	1858660	"FT"
"2025-01-22 00:00:00"	"FARFUND"	"OYFAR"	"CC"	"Comdty"	"CCH25"	83	0	"matlab_insert_individ_trade_re"	"FUT_20250122_dsu215002"	"2025-01-21 21:50:05"	1859035	"CT"
"2025-01-22 00:00:00"	"FARFUND"	"OYFAR"	"CC"	"Comdty"	"CCH25"	0	-83	"matlab_insert_individ_trade_re"	"FUT_20250122_dsu215003"	"2025-01-21 21:50:05"	1859036	"CT"
"2025-01-22 00:00:00"	"FARFUND"	"OYFAR"	"CL"	"Comdty"	"CLH25"	126	0	"matlab_insert_individ_trade_re"	"FUT_20250122_dsu215002"	"2025-01-21 21:50:04"	1858987	"CT"
"2025-01-22 00:00:00"	"FARFUND"	"OYFAR"	"CL"	"Comdty"	"CLH25"	0	-126	"matlab_insert_individ_trade_re"	"FUT_20250122_dsu215003"	"2025-01-21 21:50:04"	1858988	"CT"
"2025-01-22 00:00:00"	"FARFUND"	"OYFAR"	"CL"	"Comdty"	"CLH25CLK25"	0	-21	"dsu_2025-01-21-21-41-29"	"FUT_20250122_dsu205101"	"2025-01-21 21:43:41"	1858843	"GT"
"2025-01-22 00:00:00"	"FARFUND"	"OYFAR"	"CL"	"Comdty"	"CLK25"	1	0	"dsu_2025-01-21-21-41-29"	"FUT_20250122_dsu205101"	"2025-01-21 21:43:41"	1858844	"GT"
"2025-01-22 00:00:00"	"FARFUND"	"OYFAR"	"CO"	"Comdty"	"COK25"	123	0	"matlab_insert_individ_trade_re"	"FUT_20250122_dsu215002"	"2025-01-21 21:50:04"	1858989	"CT"
"2025-01-22 00:00:00"	"FARFUND"	"OYFAR"	"CO"	"Comdty"	"COK25"	0	-123	"matlab_insert_individ_trade_re"	"FUT_20250122_dsu215003"	"2025-01-21 21:50:04"	1858990	"CT"
"2025-01-22 00:00:00"	"FARFUND"	"OYFAR"	"CO"	"Comdty"	"COK25CON25"	0	-29	"dsu_2025-01-21-21-41-29"	"FUT_20250122_dsu205101"	"2025-01-21 21:43:41"	1858845	"GT"
"2025-01-22 00:00:00"	"FARFUND"	"OYFAR"	"CO"	"Comdty"	"CON25"	1	0	"dsu_2025-01-21-21-41-29"	"FUT_20250122_dsu205101"	"2025-01-21 21:43:41"	1858846	"GT"
"2025-01-22 00:00:00"	"FARFUND"	"OYFAR"	"CT"	"Comdty"	"CTH25"	0	-1	"dsu_2025-01-21-20-44-13"	"FUT_20250122_dsu204345"	"2025-01-21 20:49:07"	1858663	"FT"
"2025-01-22 00:00:00"	"FARFUND"	"OYFAR"	"CT"	"Comdty"	"CTH25"	283	0	"matlab_insert_individ_trade_re"	"FUT_20250122_dsu215002"	"2025-01-21 21:50:05"	1859029	"CT"
"2025-01-22 00:00:00"	"FARFUND"	"OYFAR"	"CT"	"Comdty"	"CTH25"	0	-283	"matlab_insert_individ_trade_re"	"FUT_20250122_dsu215003"	"2025-01-21 21:50:05"	1859030	"CT"
"2025-01-22 00:00:00"	"FARFUND"	"OYFAR"	"GC"	"Comdty"	"GCJ25"	34	0	"matlab_insert_individ_trade_re"	"FUT_20250122_dsu215002"	"2025-01-21 21:50:05"	1859023	"CT"
"2025-01-22 00:00:00"	"FARFUND"	"OYFAR"	"GC"	"Comdty"	"GCJ25"	0	-34	"matlab_insert_individ_trade_re"	"FUT_20250122_dsu215003"	"2025-01-21 21:50:05"	1859024	"CT"
"2025-01-22 00:00:00"	"FARFUND"	"OYFAR"	"HG"	"Comdty"	"HGH25"	0	-1	"dsu_2025-01-21-20-44-13"	"FUT_20250122_dsu204345"	"2025-01-21 20:49:07"	1858664	"FT"
"2025-01-22 00:00:00"	"FARFUND"	"OYFAR"	"HG"	"Comdty"	"HGH25"	88	0	"matlab_insert_individ_trade_re"	"FUT_20250122_dsu215002"	"2025-01-21 21:50:05"	1859015	"CT"
"2025-01-22 00:00:00"	"FARFUND"	"OYFAR"	"HG"	"Comdty"	"HGH25"	0	-88	"matlab_insert_individ_trade_re"	"FUT_20250122_dsu215003"	"2025-01-21 21:50:05"	1859016	"CT"
"2025-01-22 00:00:00"	"FARFUND"	"OYFAR"	"HO"	"Comdty"	"HOH25"	0	-1	"dsu_2025-01-21-20-44-13"	"FUT_20250122_dsu204345"	"2025-01-21 20:49:07"	1858665	"FT"
"2025-01-22 00:00:00"	"FARFUND"	"OYFAR"	"HO"	"Comdty"	"HOH25"	92	0	"matlab_insert_individ_trade_re"	"FUT_20250122_dsu215002"	"2025-01-21 21:50:04"	1858995	"CT"
"2025-01-22 00:00:00"	"FARFUND"	"OYFAR"	"HO"	"Comdty"	"HOH25"	0	-92	"matlab_insert_individ_trade_re"	"FUT_20250122_dsu215003"	"2025-01-21 21:50:05"	1858996	"CT"
"2025-01-22 00:00:00"	"FARFUND"	"OYFAR"	"KC"	"Comdty"	"KCH25"	78	0	"matlab_insert_individ_trade_re"	"FUT_20250122_dsu215002"	"2025-01-21 21:50:05"	1859031	"CT"
"2025-01-22 00:00:00"	"FARFUND"	"OYFAR"	"KC"	"Comdty"	"KCH25"	0	-78	"matlab_insert_individ_trade_re"	"FUT_20250122_dsu215003"	"2025-01-21 21:50:05"	1859032	"CT"
"2025-01-22 00:00:00"	"FARFUND"	"OYFAR"	"KC"	"Comdty"	"KCH25KCU25"	0	-3	"dsu_2025-01-21-21-41-29"	"FUT_20250122_dsu205101"	"2025-01-21 21:43:41"	1858847	"GT"
"2025-01-22 00:00:00"	"FARFUND"	"OYFAR"	"KW"	"Comdty"	"KWH25"	0	-1	"dsu_2025-01-21-20-44-13"	"FUT_20250122_dsu204345"	"2025-01-21 20:49:07"	1858666	"FT"
"2025-01-22 00:00:00"	"FARFUND"	"OYFAR"	"KW"	"Comdty"	"KWH25"	333	0	"matlab_insert_individ_trade_re"	"FUT_20250122_dsu215002"	"2025-01-21 21:50:05"	1859003	"CT"
"2025-01-22 00:00:00"	"FARFUND"	"OYFAR"	"KW"	"Comdty"	"KWH25"	0	-333	"matlab_insert_individ_trade_re"	"FUT_20250122_dsu215003"	"2025-01-21 21:50:05"	1859004	"CT"
"2025-01-22 00:00:00"	"FARFUND"	"OYFAR"	"LA"	"Comdty"	"LAH25"	144	0	"matlab_insert_individ_trade_re"	"FUT_20250122_dsu215002"	"2025-01-21 21:50:05"	1859013	"CT"
"2025-01-22 00:00:00"	"FARFUND"	"OYFAR"	"LA"	"Comdty"	"LAH25"	0	-144	"matlab_insert_individ_trade_re"	"FUT_20250122_dsu215003"	"2025-01-21 21:50:05"	1859014	"CT"
"2025-01-22 00:00:00"	"FARFUND"	"OYFAR"	"LC"	"Comdty"	"LCJ25"	121	0	"matlab_insert_individ_trade_re"	"FUT_20250122_dsu215002"	"2025-01-21 21:50:05"	1858997	"CT"
"2025-01-22 00:00:00"	"FARFUND"	"OYFAR"	"LC"	"Comdty"	"LCJ25"	0	-121	"matlab_insert_individ_trade_re"	"FUT_20250122_dsu215003"	"2025-01-21 21:50:05"	1858998	"CT"
"2025-01-22 00:00:00"	"FARFUND"	"OYFAR"	"LC"	"Comdty"	"LCJ25LCQ25"	1	0	"dsu_2025-01-21-20-44-13"	"FUT_20250122_dsu204345"	"2025-01-21 20:49:07"	1858667	"FT"
"2025-01-22 00:00:00"	"FARFUND"	"OYFAR"	"LH"	"Comdty"	"LHJ25"	0	-1	"dsu_2025-01-21-21-41-29"	"FUT_20250122_dsu205101"	"2025-01-21 21:43:41"	1858849	"GT"
"2025-01-22 00:00:00"	"FARFUND"	"OYFAR"	"LH"	"Comdty"	"LHJ25"	276	0	"matlab_insert_individ_trade_re"	"FUT_20250122_dsu215002"	"2025-01-21 21:50:05"	1858999	"CT"
"2025-01-22 00:00:00"	"FARFUND"	"OYFAR"	"LH"	"Comdty"	"LHJ25"	0	-276	"matlab_insert_individ_trade_re"	"FUT_20250122_dsu215003"	"2025-01-21 21:50:05"	1859000	"CT"
"2025-01-22 00:00:00"	"FARFUND"	"OYFAR"	"LH"	"Comdty"	"LHJ25LHN25"	0	-16	"dsu_2025-01-21-21-41-29"	"FUT_20250122_dsu205101"	"2025-01-21 21:43:41"	1858848	"GT"
"2025-01-22 00:00:00"	"FARFUND"	"OYFAR"	"LL"	"Comdty"	"LLH25"	195	0	"matlab_insert_individ_trade_re"	"FUT_20250122_dsu215002"	"2025-01-21 21:50:05"	1859021	"CT"
"2025-01-22 00:00:00"	"FARFUND"	"OYFAR"	"LL"	"Comdty"	"LLH25"	0	-195	"matlab_insert_individ_trade_re"	"FUT_20250122_dsu215003"	"2025-01-21 21:50:05"	1859022	"CT"
"2025-01-22 00:00:00"	"FARFUND"	"OYFAR"	"LN"	"Comdty"	"LNH25"	0	-1	"dsu_2025-01-21-20-44-13"	"FUT_20250122_dsu204345"	"2025-01-21 20:49:07"	1858669	"FT"
"2025-01-22 00:00:00"	"FARFUND"	"OYFAR"	"LN"	"Comdty"	"LNH25"	100	0	"matlab_insert_individ_trade_re"	"FUT_20250122_dsu215002"	"2025-01-21 21:50:05"	1859019	"CT"
"2025-01-22 00:00:00"	"FARFUND"	"OYFAR"	"LN"	"Comdty"	"LNH25"	0	-100	"matlab_insert_individ_trade_re"	"FUT_20250122_dsu215003"	"2025-01-21 21:50:05"	1859020	"CT"
"2025-01-22 00:00:00"	"FARFUND"	"OYFAR"	"LX"	"Comdty"	"LXH25"	0	-1	"dsu_2025-01-21-20-44-13"	"FUT_20250122_dsu204345"	"2025-01-21 20:49:07"	1858670	"FT"
"2025-01-22 00:00:00"	"FARFUND"	"OYFAR"	"LX"	"Comdty"	"LXH25"	132	0	"matlab_insert_individ_trade_re"	"FUT_20250122_dsu215002"	"2025-01-21 21:50:05"	1859017	"CT"
"2025-01-22 00:00:00"	"FARFUND"	"OYFAR"	"LX"	"Comdty"	"LXH25"	0	-132	"matlab_insert_individ_trade_re"	"FUT_20250122_dsu215003"	"2025-01-21 21:50:05"	1859018	"CT"
"2025-01-22 00:00:00"	"FARFUND"	"OYFAR"	"NG"	"Comdty"	"NGH25"	0	-2	"dsu_2025-01-21-20-44-13"	"FUT_20250122_dsu204345"	"2025-01-21 20:49:07"	1858671	"FT"
"2025-01-22 00:00:00"	"FARFUND"	"OYFAR"	"NG"	"Comdty"	"NGH25"	286	0	"matlab_insert_individ_trade_re"	"FUT_20250122_dsu215002"	"2025-01-21 21:50:04"	1858985	"CT"
"2025-01-22 00:00:00"	"FARFUND"	"OYFAR"	"NG"	"Comdty"	"NGH25"	0	-286	"matlab_insert_individ_trade_re"	"FUT_20250122_dsu215003"	"2025-01-21 21:50:04"	1858986	"CT"
"2025-01-22 00:00:00"	"FARFUND"	"OYFAR"	"PA"	"Comdty"	"PAH25"	98	0	"matlab_insert_individ_trade_re"	"FUT_20250122_dsu215002"	"2025-01-21 21:50:05"	1859037	"CT"
"2025-01-22 00:00:00"	"FARFUND"	"OYFAR"	"PA"	"Comdty"	"PAH25"	0	-98	"matlab_insert_individ_trade_re"	"FUT_20250122_dsu215003"	"2025-01-21 21:50:05"	1859038	"CT"
"2025-01-22 00:00:00"	"FARFUND"	"OYFAR"	"PL"	"Comdty"	"PLJ25"	0	-2	"dsu_2025-01-21-20-44-13"	"FUT_20250122_dsu204345"	"2025-01-21 20:49:07"	1858672	"FT"
"2025-01-22 00:00:00"	"FARFUND"	"OYFAR"	"PL"	"Comdty"	"PLJ25"	197	0	"matlab_insert_individ_trade_re"	"FUT_20250122_dsu215002"	"2025-01-21 21:50:05"	1859033	"CT"
"2025-01-22 00:00:00"	"FARFUND"	"OYFAR"	"PL"	"Comdty"	"PLJ25"	0	-197	"matlab_insert_individ_trade_re"	"FUT_20250122_dsu215003"	"2025-01-21 21:50:05"	1859034	"CT"
"2025-01-22 00:00:00"	"FARFUND"	"OYFAR"	"QS"	"Comdty"	"QSH25"	131	0	"matlab_insert_individ_trade_re"	"FUT_20250122_dsu215002"	"2025-01-21 21:50:04"	1858993	"CT"
"2025-01-22 00:00:00"	"FARFUND"	"OYFAR"	"QS"	"Comdty"	"QSH25"	0	-131	"matlab_insert_individ_trade_re"	"FUT_20250122_dsu215003"	"2025-01-21 21:50:04"	1858994	"CT"
"2025-01-22 00:00:00"	"FARFUND"	"OYFAR"	"S "	"Comdty"	"S H25"	0	-1	"dsu_2025-01-21-20-44-13"	"FUT_20250122_dsu204345"	"2025-01-21 20:49:07"	1858673	"FT"
"2025-01-22 00:00:00"	"FARFUND"	"OYFAR"	"S "	"Comdty"	"S H25"	179	0	"matlab_insert_individ_trade_re"	"FUT_20250122_dsu215002"	"2025-01-21 21:50:05"	1859007	"CT"
"2025-01-22 00:00:00"	"FARFUND"	"OYFAR"	"S "	"Comdty"	"S H25"	0	-179	"matlab_insert_individ_trade_re"	"FUT_20250122_dsu215003"	"2025-01-21 21:50:05"	1859008	"CT"
"2025-01-22 00:00:00"	"FARFUND"	"OYFAR"	"SB"	"Comdty"	"SBH25"	0	-1	"dsu_2025-01-21-20-44-13"	"FUT_20250122_dsu204345"	"2025-01-21 20:49:07"	1858674	"FT"
"2025-01-22 00:00:00"	"FARFUND"	"OYFAR"	"SB"	"Comdty"	"SBH25"	481	0	"matlab_insert_individ_trade_re"	"FUT_20250122_dsu215002"	"2025-01-21 21:50:05"	1859027	"CT"
"2025-01-22 00:00:00"	"FARFUND"	"OYFAR"	"SB"	"Comdty"	"SBH25"	0	-481	"matlab_insert_individ_trade_re"	"FUT_20250122_dsu215003"	"2025-01-21 21:50:05"	1859028	"CT"
"2025-01-22 00:00:00"	"FARFUND"	"OYFAR"	"SB"	"Comdty"	"SBH25SBK25"	0	-30	"dsu_2025-01-21-21-41-29"	"FUT_20250122_dsu205101"	"2025-01-21 21:43:41"	1858850	"GT"
"2025-01-22 00:00:00"	"FARFUND"	"OYFAR"	"SB"	"Comdty"	"SBK25"	5	0	"dsu_2025-01-21-21-41-29"	"FUT_20250122_dsu205101"	"2025-01-21 21:43:41"	1858851	"GT"
"2025-01-22 00:00:00"	"FARFUND"	"OYFAR"	"SI"	"Comdty"	"SIH25"	61	0	"matlab_insert_individ_trade_re"	"FUT_20250122_dsu215002"	"2025-01-21 21:50:05"	1859025	"CT"
"2025-01-22 00:00:00"	"FARFUND"	"OYFAR"	"SI"	"Comdty"	"SIH25"	0	-61	"matlab_insert_individ_trade_re"	"FUT_20250122_dsu215003"	"2025-01-21 21:50:05"	1859026	"CT"
"2025-01-22 00:00:00"	"FARFUND"	"OYFAR"	"SM"	"Comdty"	"SMH25"	0	-1	"dsu_2025-01-21-20-44-13"	"FUT_20250122_dsu204345"	"2025-01-21 20:49:07"	1858675	"FT"
"2025-01-22 00:00:00"	"FARFUND"	"OYFAR"	"SM"	"Comdty"	"SMH25"	308	0	"matlab_insert_individ_trade_re"	"FUT_20250122_dsu215002"	"2025-01-21 21:50:05"	1859011	"CT"
"2025-01-22 00:00:00"	"FARFUND"	"OYFAR"	"SM"	"Comdty"	"SMH25"	0	-308	"matlab_insert_individ_trade_re"	"FUT_20250122_dsu215003"	"2025-01-21 21:50:05"	1859012	"CT"
"2025-01-22 00:00:00"	"FARFUND"	"OYFAR"	"W "	"Comdty"	"W H25"	0	-1	"dsu_2025-01-21-20-44-13"	"FUT_20250122_dsu204345"	"2025-01-21 20:49:07"	1858676	"FT"
"2025-01-22 00:00:00"	"FARFUND"	"OYFAR"	"W "	"Comdty"	"W H25"	343	0	"matlab_insert_individ_trade_re"	"FUT_20250122_dsu215002"	"2025-01-21 21:50:05"	1859001	"CT"
"2025-01-22 00:00:00"	"FARFUND"	"OYFAR"	"W "	"Comdty"	"W H25"	0	-343	"matlab_insert_individ_trade_re"	"FUT_20250122_dsu215003"	"2025-01-21 21:50:05"	1859002	"CT"
"2025-01-22 00:00:00"	"FARFUND"	"OYFAR"	"XB"	"Comdty"	"XBH25"	0	-1	"dsu_2025-01-21-20-44-13"	"FUT_20250122_dsu204345"	"2025-01-21 20:49:07"	1858677	"FT"
"2025-01-22 00:00:00"	"FARFUND"	"OYFAR"	"XB"	"Comdty"	"XBH25"	108	0	"matlab_insert_individ_trade_re"	"FUT_20250122_dsu215002"	"2025-01-21 21:50:04"	1858991	"CT"
"2025-01-22 00:00:00"	"FARFUND"	"OYFAR"	"XB"	"Comdty"	"XBH25"	0	-108	"matlab_insert_individ_trade_re"	"FUT_20250122_dsu215003"	"2025-01-21 21:50:04"	1858992	"CT"
"2025-01-22 00:00:00"	"FIFUND"	"OYDLS"	"CL"	"Comdty"	"CLH25CLK25"	0	-6	"dsu_2025-01-21-21-41-29"	"FUT_20250122_dsu205101"	"2025-01-21 21:43:42"	1858852	"GT"
"2025-01-22 00:00:00"	"FIFUND"	"OYDLS"	"CL"	"Comdty"	"CLK25"	1	0	"dsu_2025-01-21-21-41-29"	"FUT_20250122_dsu205101"	"2025-01-21 21:43:42"	1858853	"GT"
"2025-01-22 00:00:00"	"FIFUND"	"OYDLS"	"CO"	"Comdty"	"COK25CON25"	0	-9	"dsu_2025-01-21-21-41-29"	"FUT_20250122_dsu205101"	"2025-01-21 21:43:42"	1858854	"GT"
"2025-01-22 00:00:00"	"FIFUND"	"OYDLS"	"CO"	"Comdty"	"CON25"	1	0	"dsu_2025-01-21-21-41-29"	"FUT_20250122_dsu205101"	"2025-01-21 21:43:42"	1858855	"GT"
"2025-01-22 00:00:00"	"FIFUND"	"OYDLS"	"LH"	"Comdty"	"LHJ25LHN25"	0	-1	"dsu_2025-01-21-21-41-29"	"FUT_20250122_dsu205101"	"2025-01-21 21:43:42"	1858856	"GT"
"2025-01-22 00:00:00"	"FIFUND"	"OYDLS"	"SB"	"Comdty"	"SBH25SBK25"	0	-6	"dsu_2025-01-21-21-41-29"	"FUT_20250122_dsu205101"	"2025-01-21 21:43:42"	1858857	"GT"
"2025-01-22 00:00:00"	"FIFUND"	"OYDLS"	"SB"	"Comdty"	"SBK25"	1	0	"dsu_2025-01-21-21-41-29"	"FUT_20250122_dsu205101"	"2025-01-21 21:43:42"	1858858	"GT"
"2025-01-22 00:00:00"	"FUT1"	"CUSTOM1"	"CL"	"Comdty"	"CLH25CLK25"	0	-161	"dsu_2025-01-21-21-41-29"	"FUT_20250122_dsu205101"	"2025-01-21 21:43:42"	1858859	"GT"
"2025-01-22 00:00:00"	"FUT1"	"CUSTOM1"	"CL"	"Comdty"	"CLK25CLM25"	12	0	"dsu_2025-01-21-21-41-29"	"FUT_20250122_dsu205101"	"2025-01-21 21:43:42"	1858860	"GT"
"2025-01-22 00:00:00"	"FUT1"	"CUSTOM1"	"CL"	"Comdty"	"CLM25"	0	-4	"dsu_2025-01-21-21-41-29"	"FUT_20250122_dsu205101"	"2025-01-21 21:43:42"	1858861	"GT"
"2025-01-22 00:00:00"	"FUT1"	"CUSTOM1"	"CO"	"Comdty"	"COK25CON25"	0	-223	"dsu_2025-01-21-21-41-29"	"FUT_20250122_dsu205101"	"2025-01-21 21:43:42"	1858862	"GT"
"2025-01-22 00:00:00"	"FUT1"	"CUSTOM1"	"CO"	"Comdty"	"CON25"	14	0	"dsu_2025-01-21-21-41-29"	"FUT_20250122_dsu205101"	"2025-01-21 21:43:42"	1858863	"GT"
"2025-01-22 00:00:00"	"FUT1"	"CUSTOM1"	"KC"	"Comdty"	"KCH25KCU25"	0	-18	"dsu_2025-01-21-21-41-29"	"FUT_20250122_dsu205101"	"2025-01-21 21:43:42"	1858864	"GT"
"2025-01-22 00:00:00"	"FUT1"	"CUSTOM1"	"KC"	"Comdty"	"KCN25KCU25"	0	-2	"dsu_2025-01-21-21-41-29"	"FUT_20250122_dsu205101"	"2025-01-21 21:43:42"	1858865	"GT"
"2025-01-22 00:00:00"	"FUT1"	"CUSTOM1"	"LH"	"Comdty"	"LHJ25"	0	-4	"dsu_2025-01-21-21-41-29"	"FUT_20250122_dsu205101"	"2025-01-21 21:43:42"	1858866	"GT"
"2025-01-22 00:00:00"	"FUT1"	"CUSTOM1"	"LH"	"Comdty"	"LHJ25LHN25"	0	-8	"dsu_2025-01-21-21-41-29"	"FUT_20250122_dsu205101"	"2025-01-21 21:43:42"	1858867	"GT"
"2025-01-22 00:00:00"	"FUT1"	"CUSTOM1"	"LH"	"Comdty"	"LHM25"	0	-1	"dsu_2025-01-21-21-41-29"	"FUT_20250122_dsu205101"	"2025-01-21 21:43:42"	1858868	"GT"
"2025-01-22 00:00:00"	"FUT1"	"CUSTOM1"	"SB"	"Comdty"	"SBH25SBK25"	0	-224	"dsu_2025-01-21-21-41-29"	"FUT_20250122_dsu205101"	"2025-01-21 21:43:42"	1858869	"GT"
"2025-01-22 00:00:00"	"FUT1"	"CUSTOM1"	"SB"	"Comdty"	"SBK25"	31	0	"dsu_2025-01-21-21-41-29"	"FUT_20250122_dsu205101"	"2025-01-21 21:43:42"	1858870	"GT"
"2025-01-22 00:00:00"	"FUT1"	"CUSTOM1"	"SB"	"Comdty"	"SBK25SBN25"	11	0	"dsu_2025-01-21-21-41-29"	"FUT_20250122_dsu205101"	"2025-01-21 21:43:42"	1858871	"GT"
"2025-01-22 00:00:00"	"FUT2"	"CUSTOM1"	"CL"	"Comdty"	"CLH25CLK25"	0	-19	"dsu_2025-01-21-21-41-29"	"FUT_20250122_dsu205101"	"2025-01-21 21:43:43"	1858872	"GT"
"2025-01-22 00:00:00"	"FUT2"	"CUSTOM1"	"CL"	"Comdty"	"CLK25CLM25"	2	0	"dsu_2025-01-21-21-41-29"	"FUT_20250122_dsu205101"	"2025-01-21 21:43:43"	1858873	"GT"
"2025-01-22 00:00:00"	"FUT2"	"CUSTOM1"	"CO"	"Comdty"	"COK25CON25"	0	-27	"dsu_2025-01-21-21-41-29"	"FUT_20250122_dsu205101"	"2025-01-21 21:43:43"	1858874	"GT"
"2025-01-22 00:00:00"	"FUT2"	"CUSTOM1"	"CO"	"Comdty"	"CON25"	1	0	"dsu_2025-01-21-21-41-29"	"FUT_20250122_dsu205101"	"2025-01-21 21:43:43"	1858875	"GT"
"2025-01-22 00:00:00"	"FUT2"	"CUSTOM1"	"KC"	"Comdty"	"KCH25KCU25"	0	-2	"dsu_2025-01-21-21-41-29"	"FUT_20250122_dsu205101"	"2025-01-21 21:43:43"	1858876	"GT"
"2025-01-22 00:00:00"	"FUT2"	"CUSTOM1"	"LH"	"Comdty"	"LHJ25LHN25"	0	-1	"dsu_2025-01-21-21-41-29"	"FUT_20250122_dsu205101"	"2025-01-21 21:43:43"	1858877	"GT"
"2025-01-22 00:00:00"	"FUT2"	"CUSTOM1"	"SB"	"Comdty"	"SBH25SBK25"	0	-27	"dsu_2025-01-21-21-41-29"	"FUT_20250122_dsu205101"	"2025-01-21 21:43:43"	1858878	"GT"
"2025-01-22 00:00:00"	"FUT2"	"CUSTOM1"	"SB"	"Comdty"	"SBK25"	4	0	"dsu_2025-01-21-21-41-29"	"FUT_20250122_dsu205101"	"2025-01-21 21:43:43"	1858879	"GT"
"2025-01-22 00:00:00"	"FUT2"	"CUSTOM1"	"SB"	"Comdty"	"SBK25SBN25"	1	0	"dsu_2025-01-21-21-41-29"	"FUT_20250122_dsu205101"	"2025-01-21 21:43:43"	1858880	"GT"
"2025-01-22 00:00:00"	"GALAXY"	"FARRMF"	"C "	"Comdty"	"C H25"	0	-1	"dsu_2025-01-21-20-44-13"	"FUT_20250122_dsu204345"	"2025-01-21 20:49:08"	1858678	"FT"
"2025-01-22 00:00:00"	"GALAXY"	"FARRMF"	"CL"	"Comdty"	"CLH25"	0	-1	"dsu_2025-01-21-20-44-13"	"FUT_20250122_dsu204345"	"2025-01-21 20:49:08"	1858679	"FT"
"2025-01-22 00:00:00"	"GALAXY"	"FARRMF"	"CT"	"Comdty"	"CTH25"	0	-1	"dsu_2025-01-21-20-44-13"	"FUT_20250122_dsu204345"	"2025-01-21 20:49:08"	1858680	"FT"
"2025-01-22 00:00:00"	"GALAXY"	"FARRMF"	"HG"	"Comdty"	"HGH25"	0	-1	"dsu_2025-01-21-20-44-13"	"FUT_20250122_dsu204345"	"2025-01-21 20:49:08"	1858681	"FT"
"2025-01-22 00:00:00"	"GALAXY"	"FARRMF"	"KW"	"Comdty"	"KWH25"	0	-6	"dsu_2025-01-21-20-44-13"	"FUT_20250122_dsu204345"	"2025-01-21 20:49:08"	1858682	"FT"
"2025-01-22 00:00:00"	"GALAXY"	"FARRMF"	"LH"	"Comdty"	"LHJ25"	0	-1	"dsu_2025-01-21-20-44-13"	"FUT_20250122_dsu204345"	"2025-01-21 20:49:08"	1858683	"FT"
"2025-01-22 00:00:00"	"GALAXY"	"FARRMF"	"LN"	"Comdty"	"LNH25"	2	0	"dsu_2025-01-21-20-44-13"	"FUT_20250122_dsu204345"	"2025-01-21 20:49:08"	1858684	"FT"
"2025-01-22 00:00:00"	"GALAXY"	"FARRMF"	"S "	"Comdty"	"S H25"	0	-1	"dsu_2025-01-21-20-44-13"	"FUT_20250122_dsu204345"	"2025-01-21 20:49:08"	1858685	"FT"
"2025-01-22 00:00:00"	"GALAXY"	"FARRMF"	"SM"	"Comdty"	"SMH25"	0	-2	"dsu_2025-01-21-20-44-13"	"FUT_20250122_dsu204345"	"2025-01-21 20:49:08"	1858686	"FT"
"2025-01-22 00:00:00"	"GALAXY"	"FARRMF"	"W "	"Comdty"	"W H25"	0	-1	"dsu_2025-01-21-20-44-13"	"FUT_20250122_dsu204345"	"2025-01-21 20:49:08"	1858687	"FT"
"2025-01-22 00:00:00"	"GALAXY"	"OYFAR"	"BO"	"Comdty"	"BOH25"	618	0	"matlab_insert_individ_trade_re"	"FUT_20250122_dsu215002"	"2025-01-21 21:50:06"	1859063	"CT"
"2025-01-22 00:00:00"	"GALAXY"	"OYFAR"	"BO"	"Comdty"	"BOH25"	0	-618	"matlab_insert_individ_trade_re"	"FUT_20250122_dsu215003"	"2025-01-21 21:50:06"	1859064	"CT"
"2025-01-22 00:00:00"	"GALAXY"	"OYFAR"	"C "	"Comdty"	"C H25"	0	-4	"dsu_2025-01-21-20-44-13"	"FUT_20250122_dsu204345"	"2025-01-21 20:49:10"	1858688	"FT"
"2025-01-22 00:00:00"	"GALAXY"	"OYFAR"	"C "	"Comdty"	"C H25"	693	0	"matlab_insert_individ_trade_re"	"FUT_20250122_dsu215002"	"2025-01-21 21:50:06"	1859059	"CT"
"2025-01-22 00:00:00"	"GALAXY"	"OYFAR"	"C "	"Comdty"	"C H25"	0	-693	"matlab_insert_individ_trade_re"	"FUT_20250122_dsu215003"	"2025-01-21 21:50:06"	1859060	"CT"
"2025-01-22 00:00:00"	"GALAXY"	"OYFAR"	"CC"	"Comdty"	"CCH25"	147	0	"matlab_insert_individ_trade_re"	"FUT_20250122_dsu215002"	"2025-01-21 21:50:06"	1859089	"CT"
"2025-01-22 00:00:00"	"GALAXY"	"OYFAR"	"CC"	"Comdty"	"CCH25"	0	-147	"matlab_insert_individ_trade_re"	"FUT_20250122_dsu215003"	"2025-01-21 21:50:06"	1859090	"CT"
"2025-01-22 00:00:00"	"GALAXY"	"OYFAR"	"CL"	"Comdty"	"CLH25"	224	0	"matlab_insert_individ_trade_re"	"FUT_20250122_dsu215002"	"2025-01-21 21:50:05"	1859041	"CT"
"2025-01-22 00:00:00"	"GALAXY"	"OYFAR"	"CL"	"Comdty"	"CLH25"	0	-224	"matlab_insert_individ_trade_re"	"FUT_20250122_dsu215003"	"2025-01-21 21:50:05"	1859042	"CT"
"2025-01-22 00:00:00"	"GALAXY"	"OYFAR"	"CL"	"Comdty"	"CLH25CLK25"	0	-38	"dsu_2025-01-21-21-41-29"	"FUT_20250122_dsu205101"	"2025-01-21 21:43:45"	1858881	"GT"
"2025-01-22 00:00:00"	"GALAXY"	"OYFAR"	"CL"	"Comdty"	"CLK25"	2	0	"dsu_2025-01-21-21-41-29"	"FUT_20250122_dsu205101"	"2025-01-21 21:43:45"	1858882	"GT"
"2025-01-22 00:00:00"	"GALAXY"	"OYFAR"	"CO"	"Comdty"	"COK25"	0	-2	"dsu_2025-01-21-20-44-13"	"FUT_20250122_dsu204345"	"2025-01-21 20:49:10"	1858691	"FT"
"2025-01-22 00:00:00"	"GALAXY"	"OYFAR"	"CO"	"Comdty"	"COK25"	219	0	"matlab_insert_individ_trade_re"	"FUT_20250122_dsu215002"	"2025-01-21 21:50:05"	1859043	"CT"
"2025-01-22 00:00:00"	"GALAXY"	"OYFAR"	"CO"	"Comdty"	"COK25"	0	-219	"matlab_insert_individ_trade_re"	"FUT_20250122_dsu215003"	"2025-01-21 21:50:05"	1859044	"CT"
"2025-01-22 00:00:00"	"GALAXY"	"OYFAR"	"CO"	"Comdty"	"COK25CON25"	0	-50	"dsu_2025-01-21-21-41-29"	"FUT_20250122_dsu205101"	"2025-01-21 21:43:45"	1858883	"GT"
"2025-01-22 00:00:00"	"GALAXY"	"OYFAR"	"CO"	"Comdty"	"CON25"	4	0	"dsu_2025-01-21-21-41-29"	"FUT_20250122_dsu205101"	"2025-01-21 21:43:45"	1858884	"GT"
"2025-01-22 00:00:00"	"GALAXY"	"OYFAR"	"CT"	"Comdty"	"CTH25"	0	-1	"dsu_2025-01-21-20-44-13"	"FUT_20250122_dsu204345"	"2025-01-21 20:49:10"	1858692	"FT"
"2025-01-22 00:00:00"	"GALAXY"	"OYFAR"	"CT"	"Comdty"	"CTH25"	502	0	"matlab_insert_individ_trade_re"	"FUT_20250122_dsu215002"	"2025-01-21 21:50:06"	1859083	"CT"
"2025-01-22 00:00:00"	"GALAXY"	"OYFAR"	"CT"	"Comdty"	"CTH25"	0	-502	"matlab_insert_individ_trade_re"	"FUT_20250122_dsu215003"	"2025-01-21 21:50:06"	1859084	"CT"
"2025-01-22 00:00:00"	"GALAXY"	"OYFAR"	"GC"	"Comdty"	"GCJ25"	61	0	"matlab_insert_individ_trade_re"	"FUT_20250122_dsu215002"	"2025-01-21 21:50:06"	1859077	"CT"
"2025-01-22 00:00:00"	"GALAXY"	"OYFAR"	"GC"	"Comdty"	"GCJ25"	0	-61	"matlab_insert_individ_trade_re"	"FUT_20250122_dsu215003"	"2025-01-21 21:50:06"	1859078	"CT"
"2025-01-22 00:00:00"	"GALAXY"	"OYFAR"	"HG"	"Comdty"	"HGH25"	0	-1	"dsu_2025-01-21-20-44-13"	"FUT_20250122_dsu204345"	"2025-01-21 20:49:10"	1858693	"FT"
"2025-01-22 00:00:00"	"GALAXY"	"OYFAR"	"HG"	"Comdty"	"HGH25"	156	0	"matlab_insert_individ_trade_re"	"FUT_20250122_dsu215002"	"2025-01-21 21:50:06"	1859069	"CT"
"2025-01-22 00:00:00"	"GALAXY"	"OYFAR"	"HG"	"Comdty"	"HGH25"	0	-156	"matlab_insert_individ_trade_re"	"FUT_20250122_dsu215003"	"2025-01-21 21:50:06"	1859070	"CT"
"2025-01-22 00:00:00"	"GALAXY"	"OYFAR"	"HO"	"Comdty"	"HOH25"	0	-2	"dsu_2025-01-21-20-44-13"	"FUT_20250122_dsu204345"	"2025-01-21 20:49:10"	1858694	"FT"
"2025-01-22 00:00:00"	"GALAXY"	"OYFAR"	"HO"	"Comdty"	"HOH25"	163	0	"matlab_insert_individ_trade_re"	"FUT_20250122_dsu215002"	"2025-01-21 21:50:05"	1859049	"CT"
"2025-01-22 00:00:00"	"GALAXY"	"OYFAR"	"HO"	"Comdty"	"HOH25"	0	-163	"matlab_insert_individ_trade_re"	"FUT_20250122_dsu215003"	"2025-01-21 21:50:05"	1859050	"CT"
"2025-01-22 00:00:00"	"GALAXY"	"OYFAR"	"KC"	"Comdty"	"KCH25"	138	0	"matlab_insert_individ_trade_re"	"FUT_20250122_dsu215002"	"2025-01-21 21:50:06"	1859085	"CT"
"2025-01-22 00:00:00"	"GALAXY"	"OYFAR"	"KC"	"Comdty"	"KCH25"	0	-138	"matlab_insert_individ_trade_re"	"FUT_20250122_dsu215003"	"2025-01-21 21:50:06"	1859086	"CT"
"2025-01-22 00:00:00"	"GALAXY"	"OYFAR"	"KC"	"Comdty"	"KCH25KCU25"	0	-4	"dsu_2025-01-21-21-41-29"	"FUT_20250122_dsu205101"	"2025-01-21 21:43:45"	1858885	"GT"
"2025-01-22 00:00:00"	"GALAXY"	"OYFAR"	"KW"	"Comdty"	"KWH25"	0	-3	"dsu_2025-01-21-20-44-13"	"FUT_20250122_dsu204345"	"2025-01-21 20:49:10"	1858696	"FT"
"2025-01-22 00:00:00"	"GALAXY"	"OYFAR"	"KW"	"Comdty"	"KWH25"	590	0	"matlab_insert_individ_trade_re"	"FUT_20250122_dsu215002"	"2025-01-21 21:50:05"	1859057	"CT"
"2025-01-22 00:00:00"	"GALAXY"	"OYFAR"	"KW"	"Comdty"	"KWH25"	0	-590	"matlab_insert_individ_trade_re"	"FUT_20250122_dsu215003"	"2025-01-21 21:50:05"	1859058	"CT"
"2025-01-22 00:00:00"	"GALAXY"	"OYFAR"	"LA"	"Comdty"	"LAH25"	0	-3	"dsu_2025-01-21-20-44-13"	"FUT_20250122_dsu204345"	"2025-01-21 20:49:10"	1858697	"FT"
"2025-01-22 00:00:00"	"GALAXY"	"OYFAR"	"LA"	"Comdty"	"LAH25"	256	0	"matlab_insert_individ_trade_re"	"FUT_20250122_dsu215002"	"2025-01-21 21:50:06"	1859067	"CT"
"2025-01-22 00:00:00"	"GALAXY"	"OYFAR"	"LA"	"Comdty"	"LAH25"	0	-256	"matlab_insert_individ_trade_re"	"FUT_20250122_dsu215003"	"2025-01-21 21:50:06"	1859068	"CT"
"2025-01-22 00:00:00"	"GALAXY"	"OYFAR"	"LC"	"Comdty"	"LCJ25"	215	0	"matlab_insert_individ_trade_re"	"FUT_20250122_dsu215002"	"2025-01-21 21:50:05"	1859051	"CT"
"2025-01-22 00:00:00"	"GALAXY"	"OYFAR"	"LC"	"Comdty"	"LCJ25"	0	-215	"matlab_insert_individ_trade_re"	"FUT_20250122_dsu215003"	"2025-01-21 21:50:05"	1859052	"CT"
"2025-01-22 00:00:00"	"GALAXY"	"OYFAR"	"LC"	"Comdty"	"LCJ25LCQ25"	1	0	"dsu_2025-01-21-20-44-13"	"FUT_20250122_dsu204345"	"2025-01-21 20:49:10"	1858698	"FT"
"2025-01-22 00:00:00"	"GALAXY"	"OYFAR"	"LH"	"Comdty"	"LHJ25"	0	-2	"dsu_2025-01-21-21-41-29"	"FUT_20250122_dsu205101"	"2025-01-21 21:43:45"	1858888	"GT"
"2025-01-22 00:00:00"	"GALAXY"	"OYFAR"	"LH"	"Comdty"	"LHJ25"	489	0	"matlab_insert_individ_trade_re"	"FUT_20250122_dsu215002"	"2025-01-21 21:50:05"	1859053	"CT"
"2025-01-22 00:00:00"	"GALAXY"	"OYFAR"	"LH"	"Comdty"	"LHJ25"	0	-489	"matlab_insert_individ_trade_re"	"FUT_20250122_dsu215003"	"2025-01-21 21:50:05"	1859054	"CT"
"2025-01-22 00:00:00"	"GALAXY"	"OYFAR"	"LH"	"Comdty"	"LHJ25LHN25"	0	-28	"dsu_2025-01-21-21-41-29"	"FUT_20250122_dsu205101"	"2025-01-21 21:43:45"	1858887	"GT"
"2025-01-22 00:00:00"	"GALAXY"	"OYFAR"	"LL"	"Comdty"	"LLH25"	346	0	"matlab_insert_individ_trade_re"	"FUT_20250122_dsu215002"	"2025-01-21 21:50:06"	1859075	"CT"
"2025-01-22 00:00:00"	"GALAXY"	"OYFAR"	"LL"	"Comdty"	"LLH25"	0	-346	"matlab_insert_individ_trade_re"	"FUT_20250122_dsu215003"	"2025-01-21 21:50:06"	1859076	"CT"
"2025-01-22 00:00:00"	"GALAXY"	"OYFAR"	"LN"	"Comdty"	"LNH25"	0	-2	"dsu_2025-01-21-20-44-13"	"FUT_20250122_dsu204345"	"2025-01-21 20:49:10"	1858701	"FT"
"2025-01-22 00:00:00"	"GALAXY"	"OYFAR"	"LN"	"Comdty"	"LNH25"	177	0	"matlab_insert_individ_trade_re"	"FUT_20250122_dsu215002"	"2025-01-21 21:50:06"	1859073	"CT"
"2025-01-22 00:00:00"	"GALAXY"	"OYFAR"	"LN"	"Comdty"	"LNH25"	0	-177	"matlab_insert_individ_trade_re"	"FUT_20250122_dsu215003"	"2025-01-21 21:50:06"	1859074	"CT"
"2025-01-22 00:00:00"	"GALAXY"	"OYFAR"	"LX"	"Comdty"	"LXH25"	0	-2	"dsu_2025-01-21-20-44-13"	"FUT_20250122_dsu204345"	"2025-01-21 20:49:10"	1858702	"FT"
"2025-01-22 00:00:00"	"GALAXY"	"OYFAR"	"LX"	"Comdty"	"LXH25"	234	0	"matlab_insert_individ_trade_re"	"FUT_20250122_dsu215002"	"2025-01-21 21:50:06"	1859071	"CT"
"2025-01-22 00:00:00"	"GALAXY"	"OYFAR"	"LX"	"Comdty"	"LXH25"	0	-234	"matlab_insert_individ_trade_re"	"FUT_20250122_dsu215003"	"2025-01-21 21:50:06"	1859072	"CT"
"2025-01-22 00:00:00"	"GALAXY"	"OYFAR"	"NG"	"Comdty"	"NGH25"	0	-4	"dsu_2025-01-21-20-44-13"	"FUT_20250122_dsu204345"	"2025-01-21 20:49:10"	1858703	"FT"
"2025-01-22 00:00:00"	"GALAXY"	"OYFAR"	"NG"	"Comdty"	"NGH25"	508	0	"matlab_insert_individ_trade_re"	"FUT_20250122_dsu215002"	"2025-01-21 21:50:05"	1859039	"CT"
"2025-01-22 00:00:00"	"GALAXY"	"OYFAR"	"NG"	"Comdty"	"NGH25"	0	-508	"matlab_insert_individ_trade_re"	"FUT_20250122_dsu215003"	"2025-01-21 21:50:05"	1859040	"CT"
"2025-01-22 00:00:00"	"GALAXY"	"OYFAR"	"PA"	"Comdty"	"PAH25"	0	-1	"dsu_2025-01-21-20-44-13"	"FUT_20250122_dsu204345"	"2025-01-21 20:49:10"	1858704	"FT"
"2025-01-22 00:00:00"	"GALAXY"	"OYFAR"	"PA"	"Comdty"	"PAH25"	174	0	"matlab_insert_individ_trade_re"	"FUT_20250122_dsu215002"	"2025-01-21 21:50:06"	1859091	"CT"
"2025-01-22 00:00:00"	"GALAXY"	"OYFAR"	"PA"	"Comdty"	"PAH25"	0	-174	"matlab_insert_individ_trade_re"	"FUT_20250122_dsu215003"	"2025-01-21 21:50:06"	1859092	"CT"
"2025-01-22 00:00:00"	"GALAXY"	"OYFAR"	"PL"	"Comdty"	"PLJ25"	0	-4	"dsu_2025-01-21-20-44-13"	"FUT_20250122_dsu204345"	"2025-01-21 20:49:10"	1858705	"FT"
"2025-01-22 00:00:00"	"GALAXY"	"OYFAR"	"PL"	"Comdty"	"PLJ25"	350	0	"matlab_insert_individ_trade_re"	"FUT_20250122_dsu215002"	"2025-01-21 21:50:06"	1859087	"CT"
"2025-01-22 00:00:00"	"GALAXY"	"OYFAR"	"PL"	"Comdty"	"PLJ25"	0	-350	"matlab_insert_individ_trade_re"	"FUT_20250122_dsu215003"	"2025-01-21 21:50:06"	1859088	"CT"
"2025-01-22 00:00:00"	"GALAXY"	"OYFAR"	"QS"	"Comdty"	"QSH25"	232	0	"matlab_insert_individ_trade_re"	"FUT_20250122_dsu215002"	"2025-01-21 21:50:05"	1859047	"CT"
"2025-01-22 00:00:00"	"GALAXY"	"OYFAR"	"QS"	"Comdty"	"QSH25"	0	-232	"matlab_insert_individ_trade_re"	"FUT_20250122_dsu215003"	"2025-01-21 21:50:05"	1859048	"CT"
"2025-01-22 00:00:00"	"GALAXY"	"OYFAR"	"S "	"Comdty"	"S H25"	0	-1	"dsu_2025-01-21-20-44-13"	"FUT_20250122_dsu204345"	"2025-01-21 20:49:10"	1858706	"FT"
"2025-01-22 00:00:00"	"GALAXY"	"OYFAR"	"S "	"Comdty"	"S H25"	318	0	"matlab_insert_individ_trade_re"	"FUT_20250122_dsu215002"	"2025-01-21 21:50:06"	1859061	"CT"
"2025-01-22 00:00:00"	"GALAXY"	"OYFAR"	"S "	"Comdty"	"S H25"	0	-318	"matlab_insert_individ_trade_re"	"FUT_20250122_dsu215003"	"2025-01-21 21:50:06"	1859062	"CT"
"2025-01-22 00:00:00"	"GALAXY"	"OYFAR"	"SB"	"Comdty"	"SBH25"	0	-2	"dsu_2025-01-21-20-44-13"	"FUT_20250122_dsu204345"	"2025-01-21 20:49:10"	1858707	"FT"
"2025-01-22 00:00:00"	"GALAXY"	"OYFAR"	"SB"	"Comdty"	"SBH25"	852	0	"matlab_insert_individ_trade_re"	"FUT_20250122_dsu215002"	"2025-01-21 21:50:06"	1859081	"CT"
"2025-01-22 00:00:00"	"GALAXY"	"OYFAR"	"SB"	"Comdty"	"SBH25"	0	-852	"matlab_insert_individ_trade_re"	"FUT_20250122_dsu215003"	"2025-01-21 21:50:06"	1859082	"CT"
"2025-01-22 00:00:00"	"GALAXY"	"OYFAR"	"SB"	"Comdty"	"SBH25SBK25"	0	-51	"dsu_2025-01-21-21-41-29"	"FUT_20250122_dsu205101"	"2025-01-21 21:43:45"	1858889	"GT"
"2025-01-22 00:00:00"	"GALAXY"	"OYFAR"	"SB"	"Comdty"	"SBK25"	9	0	"dsu_2025-01-21-21-41-29"	"FUT_20250122_dsu205101"	"2025-01-21 21:43:45"	1858890	"GT"
"2025-01-22 00:00:00"	"GALAXY"	"OYFAR"	"SI"	"Comdty"	"SIH25"	0	-1	"dsu_2025-01-21-20-44-13"	"FUT_20250122_dsu204345"	"2025-01-21 20:49:10"	1858708	"FT"
"2025-01-22 00:00:00"	"GALAXY"	"OYFAR"	"SI"	"Comdty"	"SIH25"	108	0	"matlab_insert_individ_trade_re"	"FUT_20250122_dsu215002"	"2025-01-21 21:50:06"	1859079	"CT"
"2025-01-22 00:00:00"	"GALAXY"	"OYFAR"	"SI"	"Comdty"	"SIH25"	0	-108	"matlab_insert_individ_trade_re"	"FUT_20250122_dsu215003"	"2025-01-21 21:50:06"	1859080	"CT"
"2025-01-22 00:00:00"	"GALAXY"	"OYFAR"	"SM"	"Comdty"	"SMH25"	0	-2	"dsu_2025-01-21-20-44-13"	"FUT_20250122_dsu204345"	"2025-01-21 20:49:10"	1858709	"FT"
"2025-01-22 00:00:00"	"GALAXY"	"OYFAR"	"SM"	"Comdty"	"SMH25"	546	0	"matlab_insert_individ_trade_re"	"FUT_20250122_dsu215002"	"2025-01-21 21:50:06"	1859065	"CT"
"2025-01-22 00:00:00"	"GALAXY"	"OYFAR"	"SM"	"Comdty"	"SMH25"	0	-546	"matlab_insert_individ_trade_re"	"FUT_20250122_dsu215003"	"2025-01-21 21:50:06"	1859066	"CT"
"2025-01-22 00:00:00"	"GALAXY"	"OYFAR"	"W "	"Comdty"	"W H25"	0	-2	"dsu_2025-01-21-20-44-13"	"FUT_20250122_dsu204345"	"2025-01-21 20:49:10"	1858710	"FT"
"2025-01-22 00:00:00"	"GALAXY"	"OYFAR"	"W "	"Comdty"	"W H25"	607	0	"matlab_insert_individ_trade_re"	"FUT_20250122_dsu215002"	"2025-01-21 21:50:05"	1859055	"CT"
"2025-01-22 00:00:00"	"GALAXY"	"OYFAR"	"W "	"Comdty"	"W H25"	0	-607	"matlab_insert_individ_trade_re"	"FUT_20250122_dsu215003"	"2025-01-21 21:50:05"	1859056	"CT"
"2025-01-22 00:00:00"	"GALAXY"	"OYFAR"	"XB"	"Comdty"	"XBH25"	0	-1	"dsu_2025-01-21-20-44-13"	"FUT_20250122_dsu204345"	"2025-01-21 20:49:10"	1858711	"FT"
"2025-01-22 00:00:00"	"GALAXY"	"OYFAR"	"XB"	"Comdty"	"XBH25"	191	0	"matlab_insert_individ_trade_re"	"FUT_20250122_dsu215002"	"2025-01-21 21:50:05"	1859045	"CT"
"2025-01-22 00:00:00"	"GALAXY"	"OYFAR"	"XB"	"Comdty"	"XBH25"	0	-191	"matlab_insert_individ_trade_re"	"FUT_20250122_dsu215003"	"2025-01-21 21:50:05"	1859046	"CT"
"2025-01-22 00:00:00"	"INPRS"	"OYDLS1"	"CL"	"Comdty"	"CLH25CLK25"	0	-194	"dsu_2025-01-21-21-41-29"	"FUT_20250122_dsu205101"	"2025-01-21 21:43:47"	1858891	"GT"
"2025-01-22 00:00:00"	"INPRS"	"OYDLS1"	"CL"	"Comdty"	"CLK25"	4	0	"dsu_2025-01-21-21-41-29"	"FUT_20250122_dsu205101"	"2025-01-21 21:43:47"	1858892	"GT"
"2025-01-22 00:00:00"	"INPRS"	"OYDLS1"	"CO"	"Comdty"	"COK25CON25"	0	-266	"dsu_2025-01-21-21-41-29"	"FUT_20250122_dsu205101"	"2025-01-21 21:43:47"	1858893	"GT"
"2025-01-22 00:00:00"	"INPRS"	"OYDLS1"	"CO"	"Comdty"	"CON25"	5	0	"dsu_2025-01-21-21-41-29"	"FUT_20250122_dsu205101"	"2025-01-21 21:43:47"	1858894	"GT"
"2025-01-22 00:00:00"	"INPRS"	"OYDLS1"	"KC"	"Comdty"	"KCH25KCU25"	0	-1	"dsu_2025-01-21-21-41-29"	"FUT_20250122_dsu205101"	"2025-01-21 21:43:47"	1858895	"GT"
"2025-01-22 00:00:00"	"INPRS"	"OYDLS1"	"KC"	"Comdty"	"KCU25"	1	0	"dsu_2025-01-21-21-41-29"	"FUT_20250122_dsu205101"	"2025-01-21 21:43:47"	1858896	"GT"
"2025-01-22 00:00:00"	"INPRS"	"OYDLS1"	"LH"	"Comdty"	"LHJ25LHN25"	0	-11	"dsu_2025-01-21-21-41-29"	"FUT_20250122_dsu205101"	"2025-01-21 21:43:47"	1858897	"GT"
"2025-01-22 00:00:00"	"INPRS"	"OYDLS1"	"SB"	"Comdty"	"SBH25SBK25"	0	-204	"dsu_2025-01-21-21-41-29"	"FUT_20250122_dsu205101"	"2025-01-21 21:43:47"	1858898	"GT"
"2025-01-22 00:00:00"	"INPRS"	"OYDLS1"	"SB"	"Comdty"	"SBK25"	12	0	"dsu_2025-01-21-21-41-29"	"FUT_20250122_dsu205101"	"2025-01-21 21:43:47"	1858899	"GT"
"2025-01-22 00:00:00"	"JCP"	"DEQSHORT"	"BO"	"Comdty"	"BOH25"	1	0	"dsu_2025-01-21-20-44-13"	"FUT_20250122_dsu204345"	"2025-01-21 20:49:11"	1858712	"FT"
"2025-01-22 00:00:00"	"JCP"	"DEQSHORT"	"C "	"Comdty"	"C H25"	1	0	"dsu_2025-01-21-20-44-13"	"FUT_20250122_dsu204345"	"2025-01-21 20:49:11"	1858713	"FT"
"2025-01-22 00:00:00"	"JCP"	"DEQSHORT"	"CL"	"Comdty"	"CLH25"	1	0	"dsu_2025-01-21-20-44-13"	"FUT_20250122_dsu204345"	"2025-01-21 20:49:11"	1858714	"FT"
"2025-01-22 00:00:00"	"JCP"	"DEQSHORT"	"LL"	"Comdty"	"LLH25"	1	0	"dsu_2025-01-21-20-44-13"	"FUT_20250122_dsu204345"	"2025-01-21 20:49:11"	1858715	"FT"
"2025-01-22 00:00:00"	"JCP"	"DEQSHORT"	"LX"	"Comdty"	"LXH25"	1	0	"dsu_2025-01-21-20-44-13"	"FUT_20250122_dsu204345"	"2025-01-21 20:49:11"	1858716	"FT"
"2025-01-22 00:00:00"	"JCP"	"DEQSHORT"	"NG"	"Comdty"	"NGH25"	1	0	"dsu_2025-01-21-20-44-13"	"FUT_20250122_dsu204345"	"2025-01-21 20:49:11"	1858717	"FT"
"2025-01-22 00:00:00"	"JCP"	"DEQSHORT"	"S "	"Comdty"	"S H25"	1	0	"dsu_2025-01-21-20-44-13"	"FUT_20250122_dsu204345"	"2025-01-21 20:49:11"	1858718	"FT"
"2025-01-22 00:00:00"	"JCP"	"FARRMF"	"KW"	"Comdty"	"KWH25"	0	-1	"dsu_2025-01-21-20-44-13"	"FUT_20250122_dsu204345"	"2025-01-21 20:49:12"	1858719	"FT"
"2025-01-22 00:00:00"	"JCP"	"FARRMF"	"LC"	"Comdty"	"LCJ25"	1	0	"dsu_2025-01-21-20-44-13"	"FUT_20250122_dsu204345"	"2025-01-21 20:49:12"	1858720	"FT"
"2025-01-22 00:00:00"	"JCP"	"FARRMF"	"S "	"Comdty"	"S H25"	1	0	"dsu_2025-01-21-20-44-13"	"FUT_20250122_dsu204345"	"2025-01-21 20:49:12"	1858721	"FT"
"2025-01-22 00:00:00"	"JCP"	"OY"	"CL"	"Comdty"	"CLH25CLK25"	0	-44	"dsu_2025-01-21-21-41-29"	"FUT_20250122_dsu205101"	"2025-01-21 21:43:47"	1858900	"GT"
"2025-01-22 00:00:00"	"JCP"	"OY"	"CL"	"Comdty"	"CLK25"	4	0	"dsu_2025-01-21-21-41-29"	"FUT_20250122_dsu205101"	"2025-01-21 21:43:47"	1858901	"GT"
"2025-01-22 00:00:00"	"JCP"	"OY"	"CO"	"Comdty"	"COK25CON25"	0	-60	"dsu_2025-01-21-21-41-29"	"FUT_20250122_dsu205101"	"2025-01-21 21:43:47"	1858902	"GT"
"2025-01-22 00:00:00"	"JCP"	"OY"	"CO"	"Comdty"	"CON25"	4	0	"dsu_2025-01-21-21-41-29"	"FUT_20250122_dsu205101"	"2025-01-21 21:43:47"	1858903	"GT"
"2025-01-22 00:00:00"	"JCP"	"OY"	"KC"	"Comdty"	"KCH25KCU25"	0	-5	"dsu_2025-01-21-21-41-29"	"FUT_20250122_dsu205101"	"2025-01-21 21:43:47"	1858904	"GT"
"2025-01-22 00:00:00"	"JCP"	"OY"	"KC"	"Comdty"	"KCU25"	1	0	"dsu_2025-01-21-21-41-29"	"FUT_20250122_dsu205101"	"2025-01-21 21:43:47"	1858905	"GT"
"2025-01-22 00:00:00"	"JCP"	"OY"	"LH"	"Comdty"	"LHJ25"	0	-5	"dsu_2025-01-21-21-41-29"	"FUT_20250122_dsu205101"	"2025-01-21 21:43:47"	1858907	"GT"
"2025-01-22 00:00:00"	"JCP"	"OY"	"LH"	"Comdty"	"LHJ25LHN25"	0	-32	"dsu_2025-01-21-21-41-29"	"FUT_20250122_dsu205101"	"2025-01-21 21:43:47"	1858906	"GT"
"2025-01-22 00:00:00"	"JCP"	"OY"	"SB"	"Comdty"	"SBH25SBK25"	0	-60	"dsu_2025-01-21-21-41-29"	"FUT_20250122_dsu205101"	"2025-01-21 21:43:47"	1858908	"GT"
"2025-01-22 00:00:00"	"JCP"	"OY"	"SB"	"Comdty"	"SBK25"	11	0	"dsu_2025-01-21-21-41-29"	"FUT_20250122_dsu205101"	"2025-01-21 21:43:47"	1858909	"GT"
"2025-01-22 00:00:00"	"JCP"	"OYDLS120"	"CO"	"Comdty"	"COK25CON25"	0	-2	"dsu_2025-01-21-21-41-29"	"FUT_20250122_dsu205101"	"2025-01-21 21:43:48"	1858910	"GT"
"2025-01-22 00:00:00"	"JCP"	"OYDLS120"	"SB"	"Comdty"	"SBH25SBK25"	0	-2	"dsu_2025-01-21-21-41-29"	"FUT_20250122_dsu205101"	"2025-01-21 21:43:48"	1858911	"GT"
"2025-01-22 00:00:00"	"JCP"	"OYDLSEQF"	"C "	"Comdty"	"C H25"	0	-1	"dsu_2025-01-21-20-44-13"	"FUT_20250122_dsu204345"	"2025-01-21 20:49:13"	1858722	"FT"
"2025-01-22 00:00:00"	"JCP"	"OYDLSEQF"	"CL"	"Comdty"	"CLH25CLK25"	1	0	"dsu_2025-01-21-20-44-13"	"FUT_20250122_dsu204345"	"2025-01-21 20:49:13"	1858723	"FT"
"2025-01-22 00:00:00"	"JCP"	"OYDLSEQF"	"CL"	"Comdty"	"CLH25CLK25"	0	-1	"dsu_2025-01-21-21-41-29"	"FUT_20250122_dsu205101"	"2025-01-21 21:43:48"	1858912	"GT"
"2025-01-22 00:00:00"	"JCP"	"OYDLSEQF"	"CO"	"Comdty"	"COK25"	0	-1	"dsu_2025-01-21-20-44-13"	"FUT_20250122_dsu204345"	"2025-01-21 20:49:13"	1858724	"FT"
"2025-01-22 00:00:00"	"JCP"	"OYDLSEQF"	"CO"	"Comdty"	"COK25CON25"	0	-1	"dsu_2025-01-21-21-41-29"	"FUT_20250122_dsu205101"	"2025-01-21 21:43:48"	1858913	"GT"
"2025-01-22 00:00:00"	"JCP"	"OYDLSEQF"	"CO"	"Comdty"	"CON25"	1	0	"dsu_2025-01-21-21-41-29"	"FUT_20250122_dsu205101"	"2025-01-21 21:43:48"	1858914	"GT"
"2025-01-22 00:00:00"	"JCP"	"OYDLSEQF"	"KW"	"Comdty"	"KWH25"	0	-1	"dsu_2025-01-21-20-44-13"	"FUT_20250122_dsu204345"	"2025-01-21 20:49:13"	1858725	"FT"
"2025-01-22 00:00:00"	"JCP"	"OYDLSEQF"	"LA"	"Comdty"	"LAH25"	0	-1	"dsu_2025-01-21-20-44-13"	"FUT_20250122_dsu204345"	"2025-01-21 20:49:13"	1858726	"FT"
"2025-01-22 00:00:00"	"JCP"	"OYDLSEQF"	"NG"	"Comdty"	"NGH25"	0	-3	"dsu_2025-01-21-20-44-13"	"FUT_20250122_dsu204345"	"2025-01-21 20:49:13"	1858727	"FT"
"2025-01-22 00:00:00"	"JCP"	"OYDLSEQF"	"QS"	"Comdty"	"QSH25"	0	-1	"dsu_2025-01-21-20-44-13"	"FUT_20250122_dsu204345"	"2025-01-21 20:49:13"	1858728	"FT"
"2025-01-22 00:00:00"	"JCP"	"OYDLSEQF"	"SB"	"Comdty"	"SBH25SBK25"	0	-1	"dsu_2025-01-21-21-41-29"	"FUT_20250122_dsu205101"	"2025-01-21 21:43:48"	1858915	"GT"
"2025-01-22 00:00:00"	"JCP"	"OYDLSEQF"	"SB"	"Comdty"	"SBK25"	0	-1	"dsu_2025-01-21-20-44-13"	"FUT_20250122_dsu204345"	"2025-01-21 20:49:13"	1858729	"FT"
"2025-01-22 00:00:00"	"JCP"	"OYDLSEQF"	"SB"	"Comdty"	"SBK25"	1	0	"dsu_2025-01-21-21-41-29"	"FUT_20250122_dsu205101"	"2025-01-21 21:43:48"	1858916	"GT"
"2025-01-22 00:00:00"	"JCP"	"OYDLSEQF"	"SM"	"Comdty"	"SMH25"	0	-1	"dsu_2025-01-21-20-44-13"	"FUT_20250122_dsu204345"	"2025-01-21 20:49:13"	1858730	"FT"
"2025-01-22 00:00:00"	"JCP"	"OYDLSEQF"	"W "	"Comdty"	"W H25"	0	-1	"dsu_2025-01-21-20-44-13"	"FUT_20250122_dsu204345"	"2025-01-21 20:49:13"	1858731	"FT"
"2025-01-22 00:00:00"	"JCP"	"OYFAR"	"BO"	"Comdty"	"BOH25"	22	0	"matlab_insert_individ_trade_re"	"FUT_20250122_dsu215002"	"2025-01-21 21:50:06"	1859117	"CT"
"2025-01-22 00:00:00"	"JCP"	"OYFAR"	"BO"	"Comdty"	"BOH25"	0	-22	"matlab_insert_individ_trade_re"	"FUT_20250122_dsu215003"	"2025-01-21 21:50:06"	1859118	"CT"
"2025-01-22 00:00:00"	"JCP"	"OYFAR"	"C "	"Comdty"	"C H25"	0	-1	"dsu_2025-01-21-20-44-13"	"FUT_20250122_dsu204345"	"2025-01-21 20:49:13"	1858732	"FT"
"2025-01-22 00:00:00"	"JCP"	"OYFAR"	"C "	"Comdty"	"C H25"	24	0	"matlab_insert_individ_trade_re"	"FUT_20250122_dsu215002"	"2025-01-21 21:50:06"	1859113	"CT"
"2025-01-22 00:00:00"	"JCP"	"OYFAR"	"C "	"Comdty"	"C H25"	0	-24	"matlab_insert_individ_trade_re"	"FUT_20250122_dsu215003"	"2025-01-21 21:50:06"	1859114	"CT"
"2025-01-22 00:00:00"	"JCP"	"OYFAR"	"CC"	"Comdty"	"CCH25"	5	0	"matlab_insert_individ_trade_re"	"FUT_20250122_dsu215002"	"2025-01-21 21:50:07"	1859143	"CT"
"2025-01-22 00:00:00"	"JCP"	"OYFAR"	"CC"	"Comdty"	"CCH25"	0	-5	"matlab_insert_individ_trade_re"	"FUT_20250122_dsu215003"	"2025-01-21 21:50:07"	1859144	"CT"
"2025-01-22 00:00:00"	"JCP"	"OYFAR"	"CL"	"Comdty"	"CLH25"	8	0	"matlab_insert_individ_trade_re"	"FUT_20250122_dsu215002"	"2025-01-21 21:50:06"	1859095	"CT"
"2025-01-22 00:00:00"	"JCP"	"OYFAR"	"CL"	"Comdty"	"CLH25"	0	-8	"matlab_insert_individ_trade_re"	"FUT_20250122_dsu215003"	"2025-01-21 21:50:06"	1859096	"CT"
"2025-01-22 00:00:00"	"JCP"	"OYFAR"	"CO"	"Comdty"	"COK25"	8	0	"matlab_insert_individ_trade_re"	"FUT_20250122_dsu215002"	"2025-01-21 21:50:06"	1859097	"CT"
"2025-01-22 00:00:00"	"JCP"	"OYFAR"	"CO"	"Comdty"	"COK25"	0	-8	"matlab_insert_individ_trade_re"	"FUT_20250122_dsu215003"	"2025-01-21 21:50:06"	1859098	"CT"
"2025-01-22 00:00:00"	"JCP"	"OYFAR"	"CO"	"Comdty"	"COK25CON25"	0	-2	"dsu_2025-01-21-21-41-29"	"FUT_20250122_dsu205101"	"2025-01-21 21:43:49"	1858918	"GT"
"2025-01-22 00:00:00"	"JCP"	"OYFAR"	"CT"	"Comdty"	"CTH25"	0	-1	"dsu_2025-01-21-20-44-13"	"FUT_20250122_dsu204345"	"2025-01-21 20:49:14"	1858734	"FT"
"2025-01-22 00:00:00"	"JCP"	"OYFAR"	"CT"	"Comdty"	"CTH25"	18	0	"matlab_insert_individ_trade_re"	"FUT_20250122_dsu215002"	"2025-01-21 21:50:07"	1859137	"CT"
"2025-01-22 00:00:00"	"JCP"	"OYFAR"	"CT"	"Comdty"	"CTH25"	0	-18	"matlab_insert_individ_trade_re"	"FUT_20250122_dsu215003"	"2025-01-21 21:50:07"	1859138	"CT"
"2025-01-22 00:00:00"	"JCP"	"OYFAR"	"GC"	"Comdty"	"GCJ25"	2	0	"matlab_insert_individ_trade_re"	"FUT_20250122_dsu215002"	"2025-01-21 21:50:07"	1859131	"CT"
"2025-01-22 00:00:00"	"JCP"	"OYFAR"	"GC"	"Comdty"	"GCJ25"	0	-2	"matlab_insert_individ_trade_re"	"FUT_20250122_dsu215003"	"2025-01-21 21:50:07"	1859132	"CT"
"2025-01-22 00:00:00"	"JCP"	"OYFAR"	"HG"	"Comdty"	"HGH25"	6	0	"matlab_insert_individ_trade_re"	"FUT_20250122_dsu215002"	"2025-01-21 21:50:06"	1859123	"CT"
"2025-01-22 00:00:00"	"JCP"	"OYFAR"	"HG"	"Comdty"	"HGH25"	0	-6	"matlab_insert_individ_trade_re"	"FUT_20250122_dsu215003"	"2025-01-21 21:50:07"	1859124	"CT"
"2025-01-22 00:00:00"	"JCP"	"OYFAR"	"HO"	"Comdty"	"HOH25"	1	0	"dsu_2025-01-21-20-44-13"	"FUT_20250122_dsu204345"	"2025-01-21 20:49:14"	1858735	"FT"
"2025-01-22 00:00:00"	"JCP"	"OYFAR"	"HO"	"Comdty"	"HOH25"	6	0	"matlab_insert_individ_trade_re"	"FUT_20250122_dsu215002"	"2025-01-21 21:50:06"	1859103	"CT"
"2025-01-22 00:00:00"	"JCP"	"OYFAR"	"HO"	"Comdty"	"HOH25"	0	-6	"matlab_insert_individ_trade_re"	"FUT_20250122_dsu215003"	"2025-01-21 21:50:06"	1859104	"CT"
"2025-01-22 00:00:00"	"JCP"	"OYFAR"	"KC"	"Comdty"	"KCH25"	5	0	"matlab_insert_individ_trade_re"	"FUT_20250122_dsu215002"	"2025-01-21 21:50:07"	1859139	"CT"
"2025-01-22 00:00:00"	"JCP"	"OYFAR"	"KC"	"Comdty"	"KCH25"	0	-5	"matlab_insert_individ_trade_re"	"FUT_20250122_dsu215003"	"2025-01-21 21:50:07"	1859140	"CT"
"2025-01-22 00:00:00"	"JCP"	"OYFAR"	"KW"	"Comdty"	"KWH25"	0	-1	"dsu_2025-01-21-20-44-13"	"FUT_20250122_dsu204345"	"2025-01-21 20:49:14"	1858736	"FT"
"2025-01-22 00:00:00"	"JCP"	"OYFAR"	"KW"	"Comdty"	"KWH25"	21	0	"matlab_insert_individ_trade_re"	"FUT_20250122_dsu215002"	"2025-01-21 21:50:06"	1859111	"CT"
"2025-01-22 00:00:00"	"JCP"	"OYFAR"	"KW"	"Comdty"	"KWH25"	0	-21	"matlab_insert_individ_trade_re"	"FUT_20250122_dsu215003"	"2025-01-21 21:50:06"	1859112	"CT"
"2025-01-22 00:00:00"	"JCP"	"OYFAR"	"LA"	"Comdty"	"LAH25"	1	0	"dsu_2025-01-21-20-44-13"	"FUT_20250122_dsu204345"	"2025-01-21 20:49:14"	1858737	"FT"
"2025-01-22 00:00:00"	"JCP"	"OYFAR"	"LA"	"Comdty"	"LAH25"	9	0	"matlab_insert_individ_trade_re"	"FUT_20250122_dsu215002"	"2025-01-21 21:50:06"	1859121	"CT"
"2025-01-22 00:00:00"	"JCP"	"OYFAR"	"LA"	"Comdty"	"LAH25"	0	-9	"matlab_insert_individ_trade_re"	"FUT_20250122_dsu215003"	"2025-01-21 21:50:06"	1859122	"CT"
"2025-01-22 00:00:00"	"JCP"	"OYFAR"	"LC"	"Comdty"	"LCJ25"	8	0	"matlab_insert_individ_trade_re"	"FUT_20250122_dsu215002"	"2025-01-21 21:50:06"	1859105	"CT"
"2025-01-22 00:00:00"	"JCP"	"OYFAR"	"LC"	"Comdty"	"LCJ25"	0	-8	"matlab_insert_individ_trade_re"	"FUT_20250122_dsu215003"	"2025-01-21 21:50:06"	1859106	"CT"
"2025-01-22 00:00:00"	"JCP"	"OYFAR"	"LH"	"Comdty"	"LHJ25"	17	0	"matlab_insert_individ_trade_re"	"FUT_20250122_dsu215002"	"2025-01-21 21:50:06"	1859107	"CT"
"2025-01-22 00:00:00"	"JCP"	"OYFAR"	"LH"	"Comdty"	"LHJ25"	0	-17	"matlab_insert_individ_trade_re"	"FUT_20250122_dsu215003"	"2025-01-21 21:50:06"	1859108	"CT"
"2025-01-22 00:00:00"	"JCP"	"OYFAR"	"LH"	"Comdty"	"LHJ25LHN25"	0	-1	"dsu_2025-01-21-21-41-29"	"FUT_20250122_dsu205101"	"2025-01-21 21:43:49"	1858919	"GT"
"2025-01-22 00:00:00"	"JCP"	"OYFAR"	"LL"	"Comdty"	"LLH25"	12	0	"matlab_insert_individ_trade_re"	"FUT_20250122_dsu215002"	"2025-01-21 21:50:07"	1859129	"CT"
"2025-01-22 00:00:00"	"JCP"	"OYFAR"	"LL"	"Comdty"	"LLH25"	0	-12	"matlab_insert_individ_trade_re"	"FUT_20250122_dsu215003"	"2025-01-21 21:50:07"	1859130	"CT"
"2025-01-22 00:00:00"	"JCP"	"OYFAR"	"LN"	"Comdty"	"LNH25"	0	-1	"dsu_2025-01-21-20-44-13"	"FUT_20250122_dsu204345"	"2025-01-21 20:49:14"	1858738	"FT"
"2025-01-22 00:00:00"	"JCP"	"OYFAR"	"LN"	"Comdty"	"LNH25"	6	0	"matlab_insert_individ_trade_re"	"FUT_20250122_dsu215002"	"2025-01-21 21:50:07"	1859127	"CT"
"2025-01-22 00:00:00"	"JCP"	"OYFAR"	"LN"	"Comdty"	"LNH25"	0	-6	"matlab_insert_individ_trade_re"	"FUT_20250122_dsu215003"	"2025-01-21 21:50:07"	1859128	"CT"
"2025-01-22 00:00:00"	"JCP"	"OYFAR"	"LX"	"Comdty"	"LXH25"	8	0	"matlab_insert_individ_trade_re"	"FUT_20250122_dsu215002"	"2025-01-21 21:50:07"	1859125	"CT"
"2025-01-22 00:00:00"	"JCP"	"OYFAR"	"LX"	"Comdty"	"LXH25"	0	-8	"matlab_insert_individ_trade_re"	"FUT_20250122_dsu215003"	"2025-01-21 21:50:07"	1859126	"CT"
"2025-01-22 00:00:00"	"JCP"	"OYFAR"	"NG"	"Comdty"	"NGH25"	0	-1	"dsu_2025-01-21-20-44-13"	"FUT_20250122_dsu204345"	"2025-01-21 20:49:14"	1858739	"FT"
"2025-01-22 00:00:00"	"JCP"	"OYFAR"	"NG"	"Comdty"	"NGH25"	18	0	"matlab_insert_individ_trade_re"	"FUT_20250122_dsu215002"	"2025-01-21 21:50:06"	1859093	"CT"
"2025-01-22 00:00:00"	"JCP"	"OYFAR"	"NG"	"Comdty"	"NGH25"	0	-18	"matlab_insert_individ_trade_re"	"FUT_20250122_dsu215003"	"2025-01-21 21:50:06"	1859094	"CT"
"2025-01-22 00:00:00"	"JCP"	"OYFAR"	"PA"	"Comdty"	"PAH25"	6	0	"matlab_insert_individ_trade_re"	"FUT_20250122_dsu215002"	"2025-01-21 21:50:07"	1859145	"CT"
"2025-01-22 00:00:00"	"JCP"	"OYFAR"	"PA"	"Comdty"	"PAH25"	0	-6	"matlab_insert_individ_trade_re"	"FUT_20250122_dsu215003"	"2025-01-21 21:50:07"	1859146	"CT"
"2025-01-22 00:00:00"	"JCP"	"OYFAR"	"PL"	"Comdty"	"PLJ25"	0	-1	"dsu_2025-01-21-20-44-13"	"FUT_20250122_dsu204345"	"2025-01-21 20:49:14"	1858740	"FT"
"2025-01-22 00:00:00"	"JCP"	"OYFAR"	"PL"	"Comdty"	"PLJ25"	12	0	"matlab_insert_individ_trade_re"	"FUT_20250122_dsu215002"	"2025-01-21 21:50:07"	1859141	"CT"
"2025-01-22 00:00:00"	"JCP"	"OYFAR"	"PL"	"Comdty"	"PLJ25"	0	-12	"matlab_insert_individ_trade_re"	"FUT_20250122_dsu215003"	"2025-01-21 21:50:07"	1859142	"CT"
"2025-01-22 00:00:00"	"JCP"	"OYFAR"	"QS"	"Comdty"	"QSH25"	8	0	"matlab_insert_individ_trade_re"	"FUT_20250122_dsu215002"	"2025-01-21 21:50:06"	1859101	"CT"
"2025-01-22 00:00:00"	"JCP"	"OYFAR"	"QS"	"Comdty"	"QSH25"	0	-8	"matlab_insert_individ_trade_re"	"FUT_20250122_dsu215003"	"2025-01-21 21:50:06"	1859102	"CT"
"2025-01-22 00:00:00"	"JCP"	"OYFAR"	"S "	"Comdty"	"S H25"	11	0	"matlab_insert_individ_trade_re"	"FUT_20250122_dsu215002"	"2025-01-21 21:50:06"	1859115	"CT"
"2025-01-22 00:00:00"	"JCP"	"OYFAR"	"S "	"Comdty"	"S H25"	0	-11	"matlab_insert_individ_trade_re"	"FUT_20250122_dsu215003"	"2025-01-21 21:50:06"	1859116	"CT"
"2025-01-22 00:00:00"	"JCP"	"OYFAR"	"SB"	"Comdty"	"SBH25"	30	0	"matlab_insert_individ_trade_re"	"FUT_20250122_dsu215002"	"2025-01-21 21:50:07"	1859135	"CT"
"2025-01-22 00:00:00"	"JCP"	"OYFAR"	"SB"	"Comdty"	"SBH25"	0	-30	"matlab_insert_individ_trade_re"	"FUT_20250122_dsu215003"	"2025-01-21 21:50:07"	1859136	"CT"
"2025-01-22 00:00:00"	"JCP"	"OYFAR"	"SB"	"Comdty"	"SBH25SBK25"	0	-1	"dsu_2025-01-21-21-41-29"	"FUT_20250122_dsu205101"	"2025-01-21 21:43:49"	1858920	"GT"
"2025-01-22 00:00:00"	"JCP"	"OYFAR"	"SB"	"Comdty"	"SBK25"	0	-1	"dsu_2025-01-21-20-44-13"	"FUT_20250122_dsu204345"	"2025-01-21 20:49:14"	1858741	"FT"
"2025-01-22 00:00:00"	"JCP"	"OYFAR"	"SI"	"Comdty"	"SIH25"	4	0	"matlab_insert_individ_trade_re"	"FUT_20250122_dsu215002"	"2025-01-21 21:50:07"	1859133	"CT"
"2025-01-22 00:00:00"	"JCP"	"OYFAR"	"SI"	"Comdty"	"SIH25"	0	-4	"matlab_insert_individ_trade_re"	"FUT_20250122_dsu215003"	"2025-01-21 21:50:07"	1859134	"CT"
"2025-01-22 00:00:00"	"JCP"	"OYFAR"	"SM"	"Comdty"	"SMH25"	0	-1	"dsu_2025-01-21-20-44-13"	"FUT_20250122_dsu204345"	"2025-01-21 20:49:14"	1858742	"FT"
"2025-01-22 00:00:00"	"JCP"	"OYFAR"	"SM"	"Comdty"	"SMH25"	19	0	"matlab_insert_individ_trade_re"	"FUT_20250122_dsu215002"	"2025-01-21 21:50:06"	1859119	"CT"
"2025-01-22 00:00:00"	"JCP"	"OYFAR"	"SM"	"Comdty"	"SMH25"	0	-19	"matlab_insert_individ_trade_re"	"FUT_20250122_dsu215003"	"2025-01-21 21:50:06"	1859120	"CT"
"2025-01-22 00:00:00"	"JCP"	"OYFAR"	"W "	"Comdty"	"W H25"	0	-2	"dsu_2025-01-21-20-44-13"	"FUT_20250122_dsu204345"	"2025-01-21 20:49:14"	1858743	"FT"
"2025-01-22 00:00:00"	"JCP"	"OYFAR"	"W "	"Comdty"	"W H25"	21	0	"matlab_insert_individ_trade_re"	"FUT_20250122_dsu215002"	"2025-01-21 21:50:06"	1859109	"CT"
"2025-01-22 00:00:00"	"JCP"	"OYFAR"	"W "	"Comdty"	"W H25"	0	-21	"matlab_insert_individ_trade_re"	"FUT_20250122_dsu215003"	"2025-01-21 21:50:06"	1859110	"CT"
"2025-01-22 00:00:00"	"JCP"	"OYFAR"	"XB"	"Comdty"	"XBH25"	1	0	"dsu_2025-01-21-20-44-13"	"FUT_20250122_dsu204345"	"2025-01-21 20:49:14"	1858744	"FT"
"2025-01-22 00:00:00"	"JCP"	"OYFAR"	"XB"	"Comdty"	"XBH25"	7	0	"matlab_insert_individ_trade_re"	"FUT_20250122_dsu215002"	"2025-01-21 21:50:06"	1859099	"CT"
"2025-01-22 00:00:00"	"JCP"	"OYFAR"	"XB"	"Comdty"	"XBH25"	0	-7	"matlab_insert_individ_trade_re"	"FUT_20250122_dsu215003"	"2025-01-21 21:50:06"	1859100	"CT"
"2025-01-22 00:00:00"	"NEST"	"OYDLSESGF"	"BO"	"Comdty"	"BOH25"	0	-1	"dsu_2025-01-21-20-44-13"	"FUT_20250122_dsu204345"	"2025-01-21 20:49:15"	1858745	"FT"
"2025-01-22 00:00:00"	"NEST"	"OYDLSESGF"	"C "	"Comdty"	"C H25"	0	-6	"dsu_2025-01-21-20-44-13"	"FUT_20250122_dsu204345"	"2025-01-21 20:49:15"	1858746	"FT"
"2025-01-22 00:00:00"	"NEST"	"OYDLSESGF"	"CL"	"Comdty"	"CLH25CLK25"	0	-62	"dsu_2025-01-21-21-41-29"	"FUT_20250122_dsu205101"	"2025-01-21 21:43:49"	1858921	"GT"
"2025-01-22 00:00:00"	"NEST"	"OYDLSESGF"	"CL"	"Comdty"	"CLK25"	4	0	"dsu_2025-01-21-21-41-29"	"FUT_20250122_dsu205101"	"2025-01-21 21:43:49"	1858922	"GT"
"2025-01-22 00:00:00"	"NEST"	"OYDLSESGF"	"CO"	"Comdty"	"COK25"	0	-2	"dsu_2025-01-21-20-44-13"	"FUT_20250122_dsu204345"	"2025-01-21 20:49:15"	1858749	"FT"
"2025-01-22 00:00:00"	"NEST"	"OYDLSESGF"	"CO"	"Comdty"	"COK25CON25"	0	-85	"dsu_2025-01-21-21-41-29"	"FUT_20250122_dsu205101"	"2025-01-21 21:43:49"	1858923	"GT"
"2025-01-22 00:00:00"	"NEST"	"OYDLSESGF"	"CO"	"Comdty"	"CON25"	5	0	"dsu_2025-01-21-21-41-29"	"FUT_20250122_dsu205101"	"2025-01-21 21:43:49"	1858924	"GT"
"2025-01-22 00:00:00"	"NEST"	"OYDLSESGF"	"CT"	"Comdty"	"CTH25"	0	-1	"dsu_2025-01-21-20-44-13"	"FUT_20250122_dsu204345"	"2025-01-21 20:49:15"	1858750	"FT"
"2025-01-22 00:00:00"	"NEST"	"OYDLSESGF"	"HG"	"Comdty"	"HGH25"	0	-4	"dsu_2025-01-21-20-44-13"	"FUT_20250122_dsu204345"	"2025-01-21 20:49:15"	1858751	"FT"
"2025-01-22 00:00:00"	"NEST"	"OYDLSESGF"	"HO"	"Comdty"	"HOH25"	0	-1	"dsu_2025-01-21-20-44-13"	"FUT_20250122_dsu204345"	"2025-01-21 20:49:15"	1858752	"FT"
"2025-01-22 00:00:00"	"NEST"	"OYDLSESGF"	"KC"	"Comdty"	"KCU25"	1	0	"dsu_2025-01-21-21-41-29"	"FUT_20250122_dsu205101"	"2025-01-21 21:43:49"	1858926	"GT"
"2025-01-22 00:00:00"	"NEST"	"OYDLSESGF"	"KW"	"Comdty"	"KWH25"	0	-31	"dsu_2025-01-21-20-44-13"	"FUT_20250122_dsu204345"	"2025-01-21 20:49:15"	1858754	"FT"
"2025-01-22 00:00:00"	"NEST"	"OYDLSESGF"	"LA"	"Comdty"	"LAH25"	0	-2	"dsu_2025-01-21-20-44-13"	"FUT_20250122_dsu204345"	"2025-01-21 20:49:15"	1858755	"FT"
"2025-01-22 00:00:00"	"NEST"	"OYDLSESGF"	"LC"	"Comdty"	"LCJ25"	1	0	"dsu_2025-01-21-20-44-13"	"FUT_20250122_dsu204345"	"2025-01-21 20:49:15"	1858756	"FT"
"2025-01-22 00:00:00"	"NEST"	"OYDLSESGF"	"LH"	"Comdty"	"LHJ25"	0	-1	"dsu_2025-01-21-21-41-29"	"FUT_20250122_dsu205101"	"2025-01-21 21:43:49"	1858928	"GT"
"2025-01-22 00:00:00"	"NEST"	"OYDLSESGF"	"LH"	"Comdty"	"LHJ25LHN25"	0	-4	"dsu_2025-01-21-21-41-29"	"FUT_20250122_dsu205101"	"2025-01-21 21:43:49"	1858927	"GT"
"2025-01-22 00:00:00"	"NEST"	"OYDLSESGF"	"LL"	"Comdty"	"LLH25"	0	-1	"dsu_2025-01-21-20-44-13"	"FUT_20250122_dsu204345"	"2025-01-21 20:49:15"	1858757	"FT"
"2025-01-22 00:00:00"	"NEST"	"OYDLSESGF"	"LN"	"Comdty"	"LNH25"	10	0	"dsu_2025-01-21-20-44-13"	"FUT_20250122_dsu204345"	"2025-01-21 20:49:15"	1858758	"FT"
"2025-01-22 00:00:00"	"NEST"	"OYDLSESGF"	"LX"	"Comdty"	"LXH25"	0	-2	"dsu_2025-01-21-20-44-13"	"FUT_20250122_dsu204345"	"2025-01-21 20:49:15"	1858759	"FT"
"2025-01-22 00:00:00"	"NEST"	"OYDLSESGF"	"NG"	"Comdty"	"NGH25"	0	-40	"dsu_2025-01-21-20-44-13"	"FUT_20250122_dsu204345"	"2025-01-21 20:49:15"	1858760	"FT"
"2025-01-22 00:00:00"	"NEST"	"OYDLSESGF"	"QS"	"Comdty"	"QSH25"	0	-1	"dsu_2025-01-21-20-44-13"	"FUT_20250122_dsu204345"	"2025-01-21 20:49:15"	1858761	"FT"
"2025-01-22 00:00:00"	"NEST"	"OYDLSESGF"	"S "	"Comdty"	"S H25"	0	-2	"dsu_2025-01-21-20-44-13"	"FUT_20250122_dsu204345"	"2025-01-21 20:49:15"	1858762	"FT"
"2025-01-22 00:00:00"	"NEST"	"OYDLSESGF"	"SB"	"Comdty"	"SBH25"	0	-2	"dsu_2025-01-21-20-44-13"	"FUT_20250122_dsu204345"	"2025-01-21 20:49:15"	1858763	"FT"
"2025-01-22 00:00:00"	"NEST"	"OYDLSESGF"	"SB"	"Comdty"	"SBH25SBK25"	0	-67	"dsu_2025-01-21-21-41-29"	"FUT_20250122_dsu205101"	"2025-01-21 21:43:49"	1858929	"GT"
"2025-01-22 00:00:00"	"NEST"	"OYDLSESGF"	"SB"	"Comdty"	"SBK25"	10	0	"dsu_2025-01-21-21-41-29"	"FUT_20250122_dsu205101"	"2025-01-21 21:43:49"	1858930	"GT"
"2025-01-22 00:00:00"	"NEST"	"OYDLSESGF"	"SI"	"Comdty"	"SIH25"	0	-1	"dsu_2025-01-21-20-44-13"	"FUT_20250122_dsu204345"	"2025-01-21 20:49:15"	1858765	"FT"
"2025-01-22 00:00:00"	"NEST"	"OYDLSESGF"	"SM"	"Comdty"	"SMH25"	0	-7	"dsu_2025-01-21-20-44-13"	"FUT_20250122_dsu204345"	"2025-01-21 20:49:15"	1858766	"FT"
"2025-01-22 00:00:00"	"NEST"	"OYDLSESGF"	"W "	"Comdty"	"W H25"	0	-4	"dsu_2025-01-21-20-44-13"	"FUT_20250122_dsu204345"	"2025-01-21 20:49:15"	1858767	"FT"
"2025-01-22 00:00:00"	"NEST"	"OYDLSESGF"	"XB"	"Comdty"	"XBH25"	0	-1	"dsu_2025-01-21-20-44-13"	"FUT_20250122_dsu204345"	"2025-01-21 20:49:15"	1858768	"FT"
